,sim,method,nobs,cap005,cap01,cap05,cap005_true,cap01_true,cap05_true
0,99,Exp_Weibull_continuous,1000,0.0025550134878616487,-599.9638150304517,145.58346283978602,-148.34744826826645,-110.80781083809734,-47.10230907929297
0,99,Exp_Weibull_continuous,1000,0.0025550134878616487,-599.9638150304517,145.58346283978602,-148.34744826826645,-110.80781083809734,-47.10230907929297
0,99,Exp_Weibull_continuous,1000,0.0025550134878616487,-599.9638150304517,145.58346283978602,-148.34744826826645,-110.80781083809734,-47.10230907929297
1,99,Exp_Lognormal_continuous,1000,0.09950874490769157,-616.3320323914725,59.438257367204855,-148.34744826826645,-110.80781083809734,-47.10230907929297
1,99,Exp_Lognormal_continuous,1000,0.09950874490769157,-616.3320323914725,59.438257367204855,-148.34744826826645,-110.80781083809734,-47.10230907929297
1,99,Exp_Lognormal_continuous,1000,0.09950874490769157,-616.3320323914725,59.438257367204855,-148.34744826826645,-110.80781083809734,-47.10230907929297
2,99,Exp_Log-Logistic_continuous,1000,0.11457940677569015,-620.4227411266462,261.80139589212837,-148.34744826826645,-110.80781083809734,-47.10230907929297
2,99,Exp_Log-Logistic_continuous,1000,0.11457940677569015,-620.4227411266462,261.80139589212837,-148.34744826826645,-110.80781083809734,-47.10230907929297
2,99,Exp_Log-Logistic_continuous,1000,0.11457940677569015,-620.4227411266462,261.80139589212837,-148.34744826826645,-110.80781083809734,-47.10230907929297
3,99,Exp_Lomax_continuous,1000,0.10109666459112168,-616.4124721993469,99.02594868667711,-148.34744826826645,-110.80781083809734,-47.10230907929297
3,99,Exp_Lomax_continuous,1000,0.10109666459112168,-616.4124721993469,99.02594868667711,-148.34744826826645,-110.80781083809734,-47.10230907929297
3,99,Exp_Lomax_continuous,1000,0.10109666459112168,-616.4124721993469,99.02594868667711,-148.34744826826645,-110.80781083809734,-47.10230907929297
4,99,Exp_Burr_continuous,1000,0.0005718426880399059,-596.9312960690793,88.84400375076908,-148.34744826826645,-110.80781083809734,-47.10230907929297
4,99,Exp_Burr_continuous,1000,0.0005718426880399059,-596.9312960690793,88.84400375076908,-148.34744826826645,-110.80781083809734,-47.10230907929297
4,99,Exp_Burr_continuous,1000,0.0005718426880399059,-596.9312960690793,88.84400375076908,-148.34744826826645,-110.80781083809734,-47.10230907929297
5,99,Exp_Pareto-Tail_continuous,1000,0.49363884691225224,-682.2154385955457,2445.612986401661,-148.34744826826645,-110.80781083809734,-47.10230907929297
5,99,Exp_Pareto-Tail_continuous,1000,0.49363884691225224,-682.2154385955457,2445.612986401661,-148.34744826826645,-110.80781083809734,-47.10230907929297
5,99,Exp_Pareto-Tail_continuous,1000,0.49363884691225224,-682.2154385955457,2445.612986401661,-148.34744826826645,-110.80781083809734,-47.10230907929297
6,99,Exp_GPD-Tail_continuous,1000,0.10533492933163098,-617.3649103641186,100.09667453329946,-148.34744826826645,-110.80781083809734,-47.10230907929297
6,99,Exp_GPD-Tail_continuous,1000,0.10533492933163098,-617.3649103641186,100.09667453329946,-148.34744826826645,-110.80781083809734,-47.10230907929297
6,99,Exp_GPD-Tail_continuous,1000,0.10533492933163098,-617.3649103641186,100.09667453329946,-148.34744826826645,-110.80781083809734,-47.10230907929297
7,99,Exp_Inverse-Gamma_continuous,1000,0.1398823495171976,-625.5696674741671,510.00510280614475,-148.34744826826645,-110.80781083809734,-47.10230907929297
7,99,Exp_Inverse-Gamma_continuous,1000,0.1398823495171976,-625.5696674741671,510.00510280614475,-148.34744826826645,-110.80781083809734,-47.10230907929297
7,99,Exp_Inverse-Gamma_continuous,1000,0.1398823495171976,-625.5696674741671,510.00510280614475,-148.34744826826645,-110.80781083809734,-47.10230907929297
8,99,Exp_Inverse-Weibull_continuous,1000,0.13931544658861073,-625.8354856232779,616.2209118846035,-148.34744826826645,-110.80781083809734,-47.10230907929297
8,99,Exp_Inverse-Weibull_continuous,1000,0.13931544658861073,-625.8354856232779,616.2209118846035,-148.34744826826645,-110.80781083809734,-47.10230907929297
8,99,Exp_Inverse-Weibull_continuous,1000,0.13931544658861073,-625.8354856232779,616.2209118846035,-148.34744826826645,-110.80781083809734,-47.10230907929297
9,99,Exp_Exp_continuous,1000,0.9135944033100034,-694.4240316931654,241.797541725888,-148.34744826826645,-110.80781083809734,-47.10230907929297
9,99,Exp_Exp_continuous,1000,0.9135944033100034,-694.4240316931654,241.797541725888,-148.34744826826645,-110.80781083809734,-47.10230907929297
9,99,Exp_Exp_continuous,1000,0.9135944033100034,-694.4240316931654,241.797541725888,-148.34744826826645,-110.80781083809734,-47.10230907929297
10,99,Exp_Gamma_continuous,1000,0.011609350374506534,-627.4564209092013,233.67811006372128,-148.34744826826645,-110.80781083809734,-47.10230907929297
10,99,Exp_Gamma_continuous,1000,0.011609350374506534,-627.4564209092013,233.67811006372128,-148.34744826826645,-110.80781083809734,-47.10230907929297
10,99,Exp_Gamma_continuous,1000,0.011609350374506534,-627.4564209092013,233.67811006372128,-148.34744826826645,-110.80781083809734,-47.10230907929297
11,99,Gamma_Weibull_continuous,1000,0.6330114019721934,-593.275344433457,193.95290176626418,-148.34744826826645,-110.80781083809734,-47.10230907929297
11,99,Gamma_Weibull_continuous,1000,0.6330114019721934,-593.275344433457,193.95290176626418,-148.34744826826645,-110.80781083809734,-47.10230907929297
11,99,Gamma_Weibull_continuous,1000,0.6330114019721934,-593.275344433457,193.95290176626418,-148.34744826826645,-110.80781083809734,-47.10230907929297
12,99,Gamma_Lognormal_continuous,1000,0.7619335555669265,-592.268166621037,77.79474323493412,-148.34744826826645,-110.80781083809734,-47.10230907929297
12,99,Gamma_Lognormal_continuous,1000,0.7619335555669265,-592.268166621037,77.79474323493412,-148.34744826826645,-110.80781083809734,-47.10230907929297
12,99,Gamma_Lognormal_continuous,1000,0.7619335555669265,-592.268166621037,77.79474323493412,-148.34744826826645,-110.80781083809734,-47.10230907929297
13,99,Gamma_Log-Logistic_continuous,1000,1.0202071112584006,-594.452992957475,56.18087297787825,-148.34744826826645,-110.80781083809734,-47.10230907929297
13,99,Gamma_Log-Logistic_continuous,1000,1.0202071112584006,-594.452992957475,56.18087297787825,-148.34744826826645,-110.80781083809734,-47.10230907929297
13,99,Gamma_Log-Logistic_continuous,1000,1.0202071112584006,-594.452992957475,56.18087297787825,-148.34744826826645,-110.80781083809734,-47.10230907929297
14,99,Gamma_Lomax_continuous,1000,0.7513748340114608,-592.2433235540561,54.33132685119318,-148.34744826826645,-110.80781083809734,-47.10230907929297
14,99,Gamma_Lomax_continuous,1000,0.7513748340114608,-592.2433235540561,54.33132685119318,-148.34744826826645,-110.80781083809734,-47.10230907929297
14,99,Gamma_Lomax_continuous,1000,0.7513748340114608,-592.2433235540561,54.33132685119318,-148.34744826826645,-110.80781083809734,-47.10230907929297
15,99,Gamma_Burr_continuous,1000,0.7201653736585115,-593.7089549634932,135.41978033830267,-148.34744826826645,-110.80781083809734,-47.10230907929297
15,99,Gamma_Burr_continuous,1000,0.7201653736585115,-593.7089549634932,135.41978033830267,-148.34744826826645,-110.80781083809734,-47.10230907929297
15,99,Gamma_Burr_continuous,1000,0.7201653736585115,-593.7089549634932,135.41978033830267,-148.34744826826645,-110.80781083809734,-47.10230907929297
16,99,Gamma_Pareto-Tail_continuous,1000,1.7850951013248846,-601.6614861784069,277.84483177967104,-148.34744826826645,-110.80781083809734,-47.10230907929297
16,99,Gamma_Pareto-Tail_continuous,1000,1.7850951013248846,-601.6614861784069,277.84483177967104,-148.34744826826645,-110.80781083809734,-47.10230907929297
16,99,Gamma_Pareto-Tail_continuous,1000,1.7850951013248846,-601.6614861784069,277.84483177967104,-148.34744826826645,-110.80781083809734,-47.10230907929297
17,99,Gamma_GPD-Tail_continuous,1000,0.8881066955369025,-593.2743877087921,56.70515727449679,-148.34744826826645,-110.80781083809734,-47.10230907929297
17,99,Gamma_GPD-Tail_continuous,1000,0.8881066955369025,-593.2743877087921,56.70515727449679,-148.34744826826645,-110.80781083809734,-47.10230907929297
17,99,Gamma_GPD-Tail_continuous,1000,0.8881066955369025,-593.2743877087921,56.70515727449679,-148.34744826826645,-110.80781083809734,-47.10230907929297
18,99,Gamma_Inverse-Gamma_continuous,1000,1.0546492351778438,-594.5300606529538,62.274866586719966,-148.34744826826645,-110.80781083809734,-47.10230907929297
18,99,Gamma_Inverse-Gamma_continuous,1000,1.0546492351778438,-594.5300606529538,62.274866586719966,-148.34744826826645,-110.80781083809734,-47.10230907929297
18,99,Gamma_Inverse-Gamma_continuous,1000,1.0546492351778438,-594.5300606529538,62.274866586719966,-148.34744826826645,-110.80781083809734,-47.10230907929297
19,99,Gamma_Inverse-Weibull_continuous,1000,1.1740937850569813,-594.5019519850063,61.58391470863542,-148.34744826826645,-110.80781083809734,-47.10230907929297
19,99,Gamma_Inverse-Weibull_continuous,1000,1.1740937850569813,-594.5019519850063,61.58391470863542,-148.34744826826645,-110.80781083809734,-47.10230907929297
19,99,Gamma_Inverse-Weibull_continuous,1000,1.1740937850569813,-594.5019519850063,61.58391470863542,-148.34744826826645,-110.80781083809734,-47.10230907929297
20,99,Gamma_Exp_continuous,1000,3.578115043172793,-609.2203805868558,131.5590521279837,-148.34744826826645,-110.80781083809734,-47.10230907929297
20,99,Gamma_Exp_continuous,1000,3.578115043172793,-609.2203805868558,131.5590521279837,-148.34744826826645,-110.80781083809734,-47.10230907929297
20,99,Gamma_Exp_continuous,1000,3.578115043172793,-609.2203805868558,131.5590521279837,-148.34744826826645,-110.80781083809734,-47.10230907929297
21,99,Gamma_Gamma_continuous,1000,1.2672263034023472,-603.1622140156213,134.57313929211247,-148.34744826826645,-110.80781083809734,-47.10230907929297
21,99,Gamma_Gamma_continuous,1000,1.2672263034023472,-603.1622140156213,134.57313929211247,-148.34744826826645,-110.80781083809734,-47.10230907929297
21,99,Gamma_Gamma_continuous,1000,1.2672263034023472,-603.1622140156213,134.57313929211247,-148.34744826826645,-110.80781083809734,-47.10230907929297
22,99,Weibull_Weibull_continuous,1000,0.9632592622093957,-591.925106119416,318.3226978980872,-148.34744826826645,-110.80781083809734,-47.10230907929297
22,99,Weibull_Weibull_continuous,1000,0.9632592622093957,-591.925106119416,318.3226978980872,-148.34744826826645,-110.80781083809734,-47.10230907929297
22,99,Weibull_Weibull_continuous,1000,0.9632592622093957,-591.925106119416,318.3226978980872,-148.34744826826645,-110.80781083809734,-47.10230907929297
23,99,Weibull_Lognormal_continuous,1000,1.0289368808240373,-590.8939396552088,62.12174087538838,-148.34744826826645,-110.80781083809734,-47.10230907929297
23,99,Weibull_Lognormal_continuous,1000,1.0289368808240373,-590.8939396552088,62.12174087538838,-148.34744826826645,-110.80781083809734,-47.10230907929297
23,99,Weibull_Lognormal_continuous,1000,1.0289368808240373,-590.8939396552088,62.12174087538838,-148.34744826826645,-110.80781083809734,-47.10230907929297
24,99,Weibull_Log-Logistic_continuous,1000,1.7460056785447613,-592.2669011471157,84.14471300017561,-148.34744826826645,-110.80781083809734,-47.10230907929297
24,99,Weibull_Log-Logistic_continuous,1000,1.7460056785447613,-592.2669011471157,84.14471300017561,-148.34744826826645,-110.80781083809734,-47.10230907929297
24,99,Weibull_Log-Logistic_continuous,1000,1.7460056785447613,-592.2669011471157,84.14471300017561,-148.34744826826645,-110.80781083809734,-47.10230907929297
25,99,Weibull_Lomax_continuous,1000,1.295194485476653,-591.1134966737328,54.73265856336714,-148.34744826826645,-110.80781083809734,-47.10230907929297
25,99,Weibull_Lomax_continuous,1000,1.295194485476653,-591.1134966737328,54.73265856336714,-148.34744826826645,-110.80781083809734,-47.10230907929297
25,99,Weibull_Lomax_continuous,1000,1.295194485476653,-591.1134966737328,54.73265856336714,-148.34744826826645,-110.80781083809734,-47.10230907929297
26,99,Weibull_Burr_continuous,1000,1.3269423931811708,-592.2165353918266,193.5163002031858,-148.34744826826645,-110.80781083809734,-47.10230907929297
26,99,Weibull_Burr_continuous,1000,1.3269423931811708,-592.2165353918266,193.5163002031858,-148.34744826826645,-110.80781083809734,-47.10230907929297
26,99,Weibull_Burr_continuous,1000,1.3269423931811708,-592.2165353918266,193.5163002031858,-148.34744826826645,-110.80781083809734,-47.10230907929297
27,99,Weibull_Pareto-Tail_continuous,1000,3.2339716806147005,-594.2045341880489,103.18662016461772,-148.34744826826645,-110.80781083809734,-47.10230907929297
27,99,Weibull_Pareto-Tail_continuous,1000,3.2339716806147005,-594.2045341880489,103.18662016461772,-148.34744826826645,-110.80781083809734,-47.10230907929297
27,99,Weibull_Pareto-Tail_continuous,1000,3.2339716806147005,-594.2045341880489,103.18662016461772,-148.34744826826645,-110.80781083809734,-47.10230907929297
28,99,Weibull_GPD-Tail_continuous,1000,1.1292467785701836,-591.7802905680503,58.04332049955015,-148.34744826826645,-110.80781083809734,-47.10230907929297
28,99,Weibull_GPD-Tail_continuous,1000,1.1292467785701836,-591.7802905680503,58.04332049955015,-148.34744826826645,-110.80781083809734,-47.10230907929297
28,99,Weibull_GPD-Tail_continuous,1000,1.1292467785701836,-591.7802905680503,58.04332049955015,-148.34744826826645,-110.80781083809734,-47.10230907929297
29,99,Weibull_Inverse-Gamma_continuous,1000,1.810633017887763,-592.3191716616739,83.70834168965803,-148.34744826826645,-110.80781083809734,-47.10230907929297
29,99,Weibull_Inverse-Gamma_continuous,1000,1.810633017887763,-592.3191716616739,83.70834168965803,-148.34744826826645,-110.80781083809734,-47.10230907929297
29,99,Weibull_Inverse-Gamma_continuous,1000,1.810633017887763,-592.3191716616739,83.70834168965803,-148.34744826826645,-110.80781083809734,-47.10230907929297
30,99,Weibull_Inverse-Weibull_continuous,1000,2.1381003364530597,-592.3899734551105,98.82730715025485,-148.34744826826645,-110.80781083809734,-47.10230907929297
30,99,Weibull_Inverse-Weibull_continuous,1000,2.1381003364530597,-592.3899734551105,98.82730715025485,-148.34744826826645,-110.80781083809734,-47.10230907929297
30,99,Weibull_Inverse-Weibull_continuous,1000,2.1381003364530597,-592.3899734551105,98.82730715025485,-148.34744826826645,-110.80781083809734,-47.10230907929297
31,99,Weibull_Exp_continuous,1000,5.8723917919622854,-600.4775973250313,100.05913315694103,-148.34744826826645,-110.80781083809734,-47.10230907929297
31,99,Weibull_Exp_continuous,1000,5.8723917919622854,-600.4775973250313,100.05913315694103,-148.34744826826645,-110.80781083809734,-47.10230907929297
31,99,Weibull_Exp_continuous,1000,5.8723917919622854,-600.4775973250313,100.05913315694103,-148.34744826826645,-110.80781083809734,-47.10230907929297
32,99,Weibull_Gamma_continuous,1000,3.4489619401545935,-600.1883135915464,98.89205330732275,-148.34744826826645,-110.80781083809734,-47.10230907929297
32,99,Weibull_Gamma_continuous,1000,3.4489619401545935,-600.1883135915464,98.89205330732275,-148.34744826826645,-110.80781083809734,-47.10230907929297
32,99,Weibull_Gamma_continuous,1000,3.4489619401545935,-600.1883135915464,98.89205330732275,-148.34744826826645,-110.80781083809734,-47.10230907929297
33,99,Lognormal_Weibull_continuous,1000,0.5113645543337958,-593.0766250719271,86.86890057440111,-148.34744826826645,-110.80781083809734,-47.10230907929297
33,99,Lognormal_Weibull_continuous,1000,0.5113645543337958,-593.0766250719271,86.86890057440111,-148.34744826826645,-110.80781083809734,-47.10230907929297
33,99,Lognormal_Weibull_continuous,1000,0.5113645543337958,-593.0766250719271,86.86890057440111,-148.34744826826645,-110.80781083809734,-47.10230907929297
34,99,Lognormal_Lognormal_continuous,1000,0.3265996351513994,-592.6330468009011,87.17773810756772,-148.34744826826645,-110.80781083809734,-47.10230907929297
34,99,Lognormal_Lognormal_continuous,1000,0.3265996351513994,-592.6330468009011,87.17773810756772,-148.34744826826645,-110.80781083809734,-47.10230907929297
34,99,Lognormal_Lognormal_continuous,1000,0.3265996351513994,-592.6330468009011,87.17773810756772,-148.34744826826645,-110.80781083809734,-47.10230907929297
35,99,Lognormal_Log-Logistic_continuous,1000,0.5423593190257718,-595.0813012917738,166.0990140934591,-148.34744826826645,-110.80781083809734,-47.10230907929297
35,99,Lognormal_Log-Logistic_continuous,1000,0.5423593190257718,-595.0813012917738,166.0990140934591,-148.34744826826645,-110.80781083809734,-47.10230907929297
35,99,Lognormal_Log-Logistic_continuous,1000,0.5423593190257718,-595.0813012917738,166.0990140934591,-148.34744826826645,-110.80781083809734,-47.10230907929297
36,99,Lognormal_Lomax_continuous,1000,0.3980699994076998,-592.6501106687433,96.5131879116035,-148.34744826826645,-110.80781083809734,-47.10230907929297
36,99,Lognormal_Lomax_continuous,1000,0.3980699994076998,-592.6501106687433,96.5131879116035,-148.34744826826645,-110.80781083809734,-47.10230907929297
36,99,Lognormal_Lomax_continuous,1000,0.3980699994076998,-592.6501106687433,96.5131879116035,-148.34744826826645,-110.80781083809734,-47.10230907929297
37,99,Lognormal_Burr_continuous,1000,0.3590221565091133,-593.3407495252502,116.20848616554714,-148.34744826826645,-110.80781083809734,-47.10230907929297
37,99,Lognormal_Burr_continuous,1000,0.3590221565091133,-593.3407495252502,116.20848616554714,-148.34744826826645,-110.80781083809734,-47.10230907929297
37,99,Lognormal_Burr_continuous,1000,0.3590221565091133,-593.3407495252502,116.20848616554714,-148.34744826826645,-110.80781083809734,-47.10230907929297
38,99,Lognormal_Pareto-Tail_continuous,1000,1.678104601558545,-598.1358725288885,145.50668268825143,-148.34744826826645,-110.80781083809734,-47.10230907929297
38,99,Lognormal_Pareto-Tail_continuous,1000,1.678104601558545,-598.1358725288885,145.50668268825143,-148.34744826826645,-110.80781083809734,-47.10230907929297
38,99,Lognormal_Pareto-Tail_continuous,1000,1.678104601558545,-598.1358725288885,145.50668268825143,-148.34744826826645,-110.80781083809734,-47.10230907929297
39,99,Lognormal_GPD-Tail_continuous,1000,0.28716249318702347,-592.7433019124619,115.69572731238775,-148.34744826826645,-110.80781083809734,-47.10230907929297
39,99,Lognormal_GPD-Tail_continuous,1000,0.28716249318702347,-592.7433019124619,115.69572731238775,-148.34744826826645,-110.80781083809734,-47.10230907929297
39,99,Lognormal_GPD-Tail_continuous,1000,0.28716249318702347,-592.7433019124619,115.69572731238775,-148.34744826826645,-110.80781083809734,-47.10230907929297
40,99,Lognormal_Inverse-Gamma_continuous,1000,0.8709078033912542,-595.6246039952654,115.11326666434921,-148.34744826826645,-110.80781083809734,-47.10230907929297
40,99,Lognormal_Inverse-Gamma_continuous,1000,0.8709078033912542,-595.6246039952654,115.11326666434921,-148.34744826826645,-110.80781083809734,-47.10230907929297
40,99,Lognormal_Inverse-Gamma_continuous,1000,0.8709078033912542,-595.6246039952654,115.11326666434921,-148.34744826826645,-110.80781083809734,-47.10230907929297
41,99,Lognormal_Inverse-Weibull_continuous,1000,1.0329303690826863,-596.5341421233189,131.56457237074574,-148.34744826826645,-110.80781083809734,-47.10230907929297
41,99,Lognormal_Inverse-Weibull_continuous,1000,1.0329303690826863,-596.5341421233189,131.56457237074574,-148.34744826826645,-110.80781083809734,-47.10230907929297
41,99,Lognormal_Inverse-Weibull_continuous,1000,1.0329303690826863,-596.5341421233189,131.56457237074574,-148.34744826826645,-110.80781083809734,-47.10230907929297
42,99,Lognormal_Exp_continuous,1000,5.023590229654023,-626.8470479240359,270.39726683471525,-148.34744826826645,-110.80781083809734,-47.10230907929297
42,99,Lognormal_Exp_continuous,1000,5.023590229654023,-626.8470479240359,270.39726683471525,-148.34744826826645,-110.80781083809734,-47.10230907929297
42,99,Lognormal_Exp_continuous,1000,5.023590229654023,-626.8470479240359,270.39726683471525,-148.34744826826645,-110.80781083809734,-47.10230907929297
43,99,Lognormal_Gamma_continuous,1000,0.3725296947398199,-606.69119274842,189.01967207320843,-148.34744826826645,-110.80781083809734,-47.10230907929297
43,99,Lognormal_Gamma_continuous,1000,0.3725296947398199,-606.69119274842,189.01967207320843,-148.34744826826645,-110.80781083809734,-47.10230907929297
43,99,Lognormal_Gamma_continuous,1000,0.3725296947398199,-606.69119274842,189.01967207320843,-148.34744826826645,-110.80781083809734,-47.10230907929297
44,99,Inverse-Weibull_Weibull_continuous,1000,0.2881510640509151,-602.0286818964936,108.36624936422992,-148.34744826826645,-110.80781083809734,-47.10230907929297
44,99,Inverse-Weibull_Weibull_continuous,1000,0.2881510640509151,-602.0286818964936,108.36624936422992,-148.34744826826645,-110.80781083809734,-47.10230907929297
44,99,Inverse-Weibull_Weibull_continuous,1000,0.2881510640509151,-602.0286818964936,108.36624936422992,-148.34744826826645,-110.80781083809734,-47.10230907929297
45,99,Inverse-Weibull_Lognormal_continuous,1000,0.1239546008122646,-598.4908942441712,66.1597030972845,-148.34744826826645,-110.80781083809734,-47.10230907929297
45,99,Inverse-Weibull_Lognormal_continuous,1000,0.1239546008122646,-598.4908942441712,66.1597030972845,-148.34744826826645,-110.80781083809734,-47.10230907929297
45,99,Inverse-Weibull_Lognormal_continuous,1000,0.1239546008122646,-598.4908942441712,66.1597030972845,-148.34744826826645,-110.80781083809734,-47.10230907929297
46,99,Inverse-Weibull_Log-Logistic_continuous,1000,0.15727977430315987,-601.2448893715318,264.1170828312645,-148.34744826826645,-110.80781083809734,-47.10230907929297
46,99,Inverse-Weibull_Log-Logistic_continuous,1000,0.15727977430315987,-601.2448893715318,264.1170828312645,-148.34744826826645,-110.80781083809734,-47.10230907929297
46,99,Inverse-Weibull_Log-Logistic_continuous,1000,0.15727977430315987,-601.2448893715318,264.1170828312645,-148.34744826826645,-110.80781083809734,-47.10230907929297
47,99,Inverse-Weibull_Lomax_continuous,1000,0.11603677101771545,-597.7271415190522,87.13628196575647,-148.34744826826645,-110.80781083809734,-47.10230907929297
47,99,Inverse-Weibull_Lomax_continuous,1000,0.11603677101771545,-597.7271415190522,87.13628196575647,-148.34744826826645,-110.80781083809734,-47.10230907929297
47,99,Inverse-Weibull_Lomax_continuous,1000,0.11603677101771545,-597.7271415190522,87.13628196575647,-148.34744826826645,-110.80781083809734,-47.10230907929297
48,99,Inverse-Weibull_Burr_continuous,1000,0.06978050806288166,-599.3977772622852,72.7766506962682,-148.34744826826645,-110.80781083809734,-47.10230907929297
48,99,Inverse-Weibull_Burr_continuous,1000,0.06978050806288166,-599.3977772622852,72.7766506962682,-148.34744826826645,-110.80781083809734,-47.10230907929297
48,99,Inverse-Weibull_Burr_continuous,1000,0.06978050806288166,-599.3977772622852,72.7766506962682,-148.34744826826645,-110.80781083809734,-47.10230907929297
49,99,Inverse-Weibull_Pareto-Tail_continuous,1000,1.5689307850800553,-606.9309657110689,162.36387772696315,-148.34744826826645,-110.80781083809734,-47.10230907929297
49,99,Inverse-Weibull_Pareto-Tail_continuous,1000,1.5689307850800553,-606.9309657110689,162.36387772696315,-148.34744826826645,-110.80781083809734,-47.10230907929297
49,99,Inverse-Weibull_Pareto-Tail_continuous,1000,1.5689307850800553,-606.9309657110689,162.36387772696315,-148.34744826826645,-110.80781083809734,-47.10230907929297
50,99,Inverse-Weibull_GPD-Tail_continuous,1000,0.11223022933891277,-598.6210074974815,99.9992406219312,-148.34744826826645,-110.80781083809734,-47.10230907929297
50,99,Inverse-Weibull_GPD-Tail_continuous,1000,0.11223022933891277,-598.6210074974815,99.9992406219312,-148.34744826826645,-110.80781083809734,-47.10230907929297
50,99,Inverse-Weibull_GPD-Tail_continuous,1000,0.11223022933891277,-598.6210074974815,99.9992406219312,-148.34744826826645,-110.80781083809734,-47.10230907929297
51,99,Inverse-Weibull_Inverse-Gamma_continuous,1000,0.8035984517256177,-603.7047236082353,112.6926571633974,-148.34744826826645,-110.80781083809734,-47.10230907929297
51,99,Inverse-Weibull_Inverse-Gamma_continuous,1000,0.8035984517256177,-603.7047236082353,112.6926571633974,-148.34744826826645,-110.80781083809734,-47.10230907929297
51,99,Inverse-Weibull_Inverse-Gamma_continuous,1000,0.8035984517256177,-603.7047236082353,112.6926571633974,-148.34744826826645,-110.80781083809734,-47.10230907929297
52,99,Inverse-Weibull_Inverse-Weibull_continuous,1000,0.7687082440395527,-605.0982673426043,199.33729838168557,-148.34744826826645,-110.80781083809734,-47.10230907929297
52,99,Inverse-Weibull_Inverse-Weibull_continuous,1000,0.7687082440395527,-605.0982673426043,199.33729838168557,-148.34744826826645,-110.80781083809734,-47.10230907929297
52,99,Inverse-Weibull_Inverse-Weibull_continuous,1000,0.7687082440395527,-605.0982673426043,199.33729838168557,-148.34744826826645,-110.80781083809734,-47.10230907929297
53,99,Inverse-Weibull_Exp_continuous,1000,2.5983749712772597,-652.9162719327273,370.22240009164136,-148.34744826826645,-110.80781083809734,-47.10230907929297
53,99,Inverse-Weibull_Exp_continuous,1000,2.5983749712772597,-652.9162719327273,370.22240009164136,-148.34744826826645,-110.80781083809734,-47.10230907929297
53,99,Inverse-Weibull_Exp_continuous,1000,2.5983749712772597,-652.9162719327273,370.22240009164136,-148.34744826826645,-110.80781083809734,-47.10230907929297
54,99,Inverse-Weibull_Gamma_continuous,1000,0.43211722215483805,-615.1296962386831,186.78882903843933,-148.34744826826645,-110.80781083809734,-47.10230907929297
54,99,Inverse-Weibull_Gamma_continuous,1000,0.43211722215483805,-615.1296962386831,186.78882903843933,-148.34744826826645,-110.80781083809734,-47.10230907929297
54,99,Inverse-Weibull_Gamma_continuous,1000,0.43211722215483805,-615.1296962386831,186.78882903843933,-148.34744826826645,-110.80781083809734,-47.10230907929297
55,99,Inverse-Gamma_Weibull_continuous,1000,0.00019015255657274565,-614.3702677498326,162.0061392783283,-148.34744826826645,-110.80781083809734,-47.10230907929297
55,99,Inverse-Gamma_Weibull_continuous,1000,0.00019015255657274565,-614.3702677498326,162.0061392783283,-148.34744826826645,-110.80781083809734,-47.10230907929297
55,99,Inverse-Gamma_Weibull_continuous,1000,0.00019015255657274565,-614.3702677498326,162.0061392783283,-148.34744826826645,-110.80781083809734,-47.10230907929297
56,99,Inverse-Gamma_Lognormal_continuous,1000,0.0040857793750541495,-625.0926124610942,274.2464976049855,-148.34744826826645,-110.80781083809734,-47.10230907929297
56,99,Inverse-Gamma_Lognormal_continuous,1000,0.0040857793750541495,-625.0926124610942,274.2464976049855,-148.34744826826645,-110.80781083809734,-47.10230907929297
56,99,Inverse-Gamma_Lognormal_continuous,1000,0.0040857793750541495,-625.0926124610942,274.2464976049855,-148.34744826826645,-110.80781083809734,-47.10230907929297
57,99,Inverse-Gamma_Log-Logistic_continuous,1000,0.002910977175914671,-631.3429189068229,1497.532478968638,-148.34744826826645,-110.80781083809734,-47.10230907929297
57,99,Inverse-Gamma_Log-Logistic_continuous,1000,0.002910977175914671,-631.3429189068229,1497.532478968638,-148.34744826826645,-110.80781083809734,-47.10230907929297
57,99,Inverse-Gamma_Log-Logistic_continuous,1000,0.002910977175914671,-631.3429189068229,1497.532478968638,-148.34744826826645,-110.80781083809734,-47.10230907929297
58,99,Inverse-Gamma_Lomax_continuous,1000,0.005251110828903158,-630.9418082619936,511.5277411453182,-148.34744826826645,-110.80781083809734,-47.10230907929297
58,99,Inverse-Gamma_Lomax_continuous,1000,0.005251110828903158,-630.9418082619936,511.5277411453182,-148.34744826826645,-110.80781083809734,-47.10230907929297
58,99,Inverse-Gamma_Lomax_continuous,1000,0.005251110828903158,-630.9418082619936,511.5277411453182,-148.34744826826645,-110.80781083809734,-47.10230907929297
59,99,Inverse-Gamma_Burr_continuous,1000,0.0003464300249256793,-604.0787644765433,75.59819914333602,-148.34744826826645,-110.80781083809734,-47.10230907929297
59,99,Inverse-Gamma_Burr_continuous,1000,0.0003464300249256793,-604.0787644765433,75.59819914333602,-148.34744826826645,-110.80781083809734,-47.10230907929297
59,99,Inverse-Gamma_Burr_continuous,1000,0.0003464300249256793,-604.0787644765433,75.59819914333602,-148.34744826826645,-110.80781083809734,-47.10230907929297
60,99,Inverse-Gamma_Pareto-Tail_continuous,1000,2.769825553502852,-772.9076604762164,151.97096337250025,-148.34744826826645,-110.80781083809734,-47.10230907929297
60,99,Inverse-Gamma_Pareto-Tail_continuous,1000,2.769825553502852,-772.9076604762164,151.97096337250025,-148.34744826826645,-110.80781083809734,-47.10230907929297
60,99,Inverse-Gamma_Pareto-Tail_continuous,1000,2.769825553502852,-772.9076604762164,151.97096337250025,-148.34744826826645,-110.80781083809734,-47.10230907929297
61,99,Inverse-Gamma_GPD-Tail_continuous,1000,0.005053324024175162,-632.1375108952657,517.6478248829704,-148.34744826826645,-110.80781083809734,-47.10230907929297
61,99,Inverse-Gamma_GPD-Tail_continuous,1000,0.005053324024175162,-632.1375108952657,517.6478248829704,-148.34744826826645,-110.80781083809734,-47.10230907929297
61,99,Inverse-Gamma_GPD-Tail_continuous,1000,0.005053324024175162,-632.1375108952657,517.6478248829704,-148.34744826826645,-110.80781083809734,-47.10230907929297
62,99,Inverse-Gamma_Inverse-Gamma_continuous,1000,0.09085317430154793,-683.5854583235937,689.7632216966385,-148.34744826826645,-110.80781083809734,-47.10230907929297
62,99,Inverse-Gamma_Inverse-Gamma_continuous,1000,0.09085317430154793,-683.5854583235937,689.7632216966385,-148.34744826826645,-110.80781083809734,-47.10230907929297
62,99,Inverse-Gamma_Inverse-Gamma_continuous,1000,0.09085317430154793,-683.5854583235937,689.7632216966385,-148.34744826826645,-110.80781083809734,-47.10230907929297
63,99,Inverse-Gamma_Inverse-Weibull_continuous,1000,0.03858333460322747,-676.459258242965,2879.7347267066953,-148.34744826826645,-110.80781083809734,-47.10230907929297
63,99,Inverse-Gamma_Inverse-Weibull_continuous,1000,0.03858333460322747,-676.459258242965,2879.7347267066953,-148.34744826826645,-110.80781083809734,-47.10230907929297
63,99,Inverse-Gamma_Inverse-Weibull_continuous,1000,0.03858333460322747,-676.459258242965,2879.7347267066953,-148.34744826826645,-110.80781083809734,-47.10230907929297
64,99,Inverse-Gamma_Exp_continuous,1000,2.79365753315608,-796.3457066801767,297.92371053828833,-148.34744826826645,-110.80781083809734,-47.10230907929297
64,99,Inverse-Gamma_Exp_continuous,1000,2.79365753315608,-796.3457066801767,297.92371053828833,-148.34744826826645,-110.80781083809734,-47.10230907929297
64,99,Inverse-Gamma_Exp_continuous,1000,2.79365753315608,-796.3457066801767,297.92371053828833,-148.34744826826645,-110.80781083809734,-47.10230907929297
65,99,Inverse-Gamma_Gamma_continuous,1000,0.0004300171003211808,-658.9687569560502,294.9255424985413,-148.34744826826645,-110.80781083809734,-47.10230907929297
65,99,Inverse-Gamma_Gamma_continuous,1000,0.0004300171003211808,-658.9687569560502,294.9255424985413,-148.34744826826645,-110.80781083809734,-47.10230907929297
65,99,Inverse-Gamma_Gamma_continuous,1000,0.0004300171003211808,-658.9687569560502,294.9255424985413,-148.34744826826645,-110.80781083809734,-47.10230907929297
66,99,Inverse-Gaussian_Weibull_continuous,1000,0.00010828441431781138,-611.2209240450848,162.56218567276758,-148.34744826826645,-110.80781083809734,-47.10230907929297
66,99,Inverse-Gaussian_Weibull_continuous,1000,0.00010828441431781138,-611.2209240450848,162.56218567276758,-148.34744826826645,-110.80781083809734,-47.10230907929297
66,99,Inverse-Gaussian_Weibull_continuous,1000,0.00010828441431781138,-611.2209240450848,162.56218567276758,-148.34744826826645,-110.80781083809734,-47.10230907929297
67,99,Inverse-Gaussian_Lognormal_continuous,1000,0.002232062325759111,-626.1478606580554,337.7908271048198,-148.34744826826645,-110.80781083809734,-47.10230907929297
67,99,Inverse-Gaussian_Lognormal_continuous,1000,0.002232062325759111,-626.1478606580554,337.7908271048198,-148.34744826826645,-110.80781083809734,-47.10230907929297
67,99,Inverse-Gaussian_Lognormal_continuous,1000,0.002232062325759111,-626.1478606580554,337.7908271048198,-148.34744826826645,-110.80781083809734,-47.10230907929297
68,99,Inverse-Gaussian_Log-Logistic_continuous,1000,0.0010175682125747917,-632.2974260759772,1847.997584922208,-148.34744826826645,-110.80781083809734,-47.10230907929297
68,99,Inverse-Gaussian_Log-Logistic_continuous,1000,0.0010175682125747917,-632.2974260759772,1847.997584922208,-148.34744826826645,-110.80781083809734,-47.10230907929297
68,99,Inverse-Gaussian_Log-Logistic_continuous,1000,0.0010175682125747917,-632.2974260759772,1847.997584922208,-148.34744826826645,-110.80781083809734,-47.10230907929297
69,99,Inverse-Gaussian_Lomax_continuous,1000,0.0025765294298931655,-636.5849415349271,541.4194451517515,-148.34744826826645,-110.80781083809734,-47.10230907929297
69,99,Inverse-Gaussian_Lomax_continuous,1000,0.0025765294298931655,-636.5849415349271,541.4194451517515,-148.34744826826645,-110.80781083809734,-47.10230907929297
69,99,Inverse-Gaussian_Lomax_continuous,1000,0.0025765294298931655,-636.5849415349271,541.4194451517515,-148.34744826826645,-110.80781083809734,-47.10230907929297
70,99,Inverse-Gaussian_Burr_continuous,1000,0.00020671605064404597,-604.4989391092456,75.52216245793745,-148.34744826826645,-110.80781083809734,-47.10230907929297
70,99,Inverse-Gaussian_Burr_continuous,1000,0.00020671605064404597,-604.4989391092456,75.52216245793745,-148.34744826826645,-110.80781083809734,-47.10230907929297
70,99,Inverse-Gaussian_Burr_continuous,1000,0.00020671605064404597,-604.4989391092456,75.52216245793745,-148.34744826826645,-110.80781083809734,-47.10230907929297
71,99,Inverse-Gaussian_Pareto-Tail_continuous,1000,0.006927006575992901,-1283.9567809607338,733479549.5843544,-148.34744826826645,-110.80781083809734,-47.10230907929297
71,99,Inverse-Gaussian_Pareto-Tail_continuous,1000,0.006927006575992901,-1283.9567809607338,733479549.5843544,-148.34744826826645,-110.80781083809734,-47.10230907929297
71,99,Inverse-Gaussian_Pareto-Tail_continuous,1000,0.006927006575992901,-1283.9567809607338,733479549.5843544,-148.34744826826645,-110.80781083809734,-47.10230907929297
72,99,Inverse-Gaussian_GPD-Tail_continuous,1000,0.002560108962053833,-636.9579956837571,592.2557139134615,-148.34744826826645,-110.80781083809734,-47.10230907929297
72,99,Inverse-Gaussian_GPD-Tail_continuous,1000,0.002560108962053833,-636.9579956837571,592.2557139134615,-148.34744826826645,-110.80781083809734,-47.10230907929297
72,99,Inverse-Gaussian_GPD-Tail_continuous,1000,0.002560108962053833,-636.9579956837571,592.2557139134615,-148.34744826826645,-110.80781083809734,-47.10230907929297
73,99,Inverse-Gaussian_Inverse-Gamma_continuous,1000,0.025153268676515635,-752.3501216142943,5619.259037615218,-148.34744826826645,-110.80781083809734,-47.10230907929297
73,99,Inverse-Gaussian_Inverse-Gamma_continuous,1000,0.025153268676515635,-752.3501216142943,5619.259037615218,-148.34744826826645,-110.80781083809734,-47.10230907929297
73,99,Inverse-Gaussian_Inverse-Gamma_continuous,1000,0.025153268676515635,-752.3501216142943,5619.259037615218,-148.34744826826645,-110.80781083809734,-47.10230907929297
74,99,Inverse-Gaussian_Inverse-Weibull_continuous,1000,0.005769039397890721,-713.6614230423762,29947.035452163396,-148.34744826826645,-110.80781083809734,-47.10230907929297
74,99,Inverse-Gaussian_Inverse-Weibull_continuous,1000,0.005769039397890721,-713.6614230423762,29947.035452163396,-148.34744826826645,-110.80781083809734,-47.10230907929297
74,99,Inverse-Gaussian_Inverse-Weibull_continuous,1000,0.005769039397890721,-713.6614230423762,29947.035452163396,-148.34744826826645,-110.80781083809734,-47.10230907929297
75,99,Inverse-Gaussian_Exp_continuous,1000,0.02689755619959149,-949.870530454931,510.3755916310573,-148.34744826826645,-110.80781083809734,-47.10230907929297
75,99,Inverse-Gaussian_Exp_continuous,1000,0.02689755619959149,-949.870530454931,510.3755916310573,-148.34744826826645,-110.80781083809734,-47.10230907929297
75,99,Inverse-Gaussian_Exp_continuous,1000,0.02689755619959149,-949.870530454931,510.3755916310573,-148.34744826826645,-110.80781083809734,-47.10230907929297
76,99,Inverse-Gaussian_Gamma_continuous,1000,0.00026899471226877347,-660.1613136274023,299.68293691155463,-148.34744826826645,-110.80781083809734,-47.10230907929297
76,99,Inverse-Gaussian_Gamma_continuous,1000,0.00026899471226877347,-660.1613136274023,299.68293691155463,-148.34744826826645,-110.80781083809734,-47.10230907929297
76,99,Inverse-Gaussian_Gamma_continuous,1000,0.00026899471226877347,-660.1613136274023,299.68293691155463,-148.34744826826645,-110.80781083809734,-47.10230907929297
77,99,Lomax_Weibull_continuous,1000,0.007737894810709708,-599.4899063693063,153.30347361192156,-148.34744826826645,-110.80781083809734,-47.10230907929297
77,99,Lomax_Weibull_continuous,1000,0.007737894810709708,-599.4899063693063,153.30347361192156,-148.34744826826645,-110.80781083809734,-47.10230907929297
77,99,Lomax_Weibull_continuous,1000,0.007737894810709708,-599.4899063693063,153.30347361192156,-148.34744826826645,-110.80781083809734,-47.10230907929297
78,99,Lomax_Lognormal_continuous,1000,0.09706236101374577,-597.1610704385724,63.07992461802975,-148.34744826826645,-110.80781083809734,-47.10230907929297
78,99,Lomax_Lognormal_continuous,1000,0.09706236101374577,-597.1610704385724,63.07992461802975,-148.34744826826645,-110.80781083809734,-47.10230907929297
78,99,Lomax_Lognormal_continuous,1000,0.09706236101374577,-597.1610704385724,63.07992461802975,-148.34744826826645,-110.80781083809734,-47.10230907929297
79,99,Lomax_Log-Logistic_continuous,1000,0.1426269964890904,-602.7008456901135,331.45953138537806,-148.34744826826645,-110.80781083809734,-47.10230907929297
79,99,Lomax_Log-Logistic_continuous,1000,0.1426269964890904,-602.7008456901135,331.45953138537806,-148.34744826826645,-110.80781083809734,-47.10230907929297
79,99,Lomax_Log-Logistic_continuous,1000,0.1426269964890904,-602.7008456901135,331.45953138537806,-148.34744826826645,-110.80781083809734,-47.10230907929297
80,99,Lomax_Lomax_continuous,1000,0.10107898466078538,-598.9806426917365,94.04429749750747,-148.34744826826645,-110.80781083809734,-47.10230907929297
80,99,Lomax_Lomax_continuous,1000,0.10107898466078538,-598.9806426917365,94.04429749750747,-148.34744826826645,-110.80781083809734,-47.10230907929297
80,99,Lomax_Lomax_continuous,1000,0.10107898466078538,-598.9806426917365,94.04429749750747,-148.34744826826645,-110.80781083809734,-47.10230907929297
81,99,Lomax_Burr_continuous,1000,0.04721324866760142,-599.0498314516161,141.44107151540672,-148.34744826826645,-110.80781083809734,-47.10230907929297
81,99,Lomax_Burr_continuous,1000,0.04721324866760142,-599.0498314516161,141.44107151540672,-148.34744826826645,-110.80781083809734,-47.10230907929297
81,99,Lomax_Burr_continuous,1000,0.04721324866760142,-599.0498314516161,141.44107151540672,-148.34744826826645,-110.80781083809734,-47.10230907929297
82,99,Lomax_Pareto-Tail_continuous,1000,1.9464042817771219,-607.4553243932125,103.52089746627948,-148.34744826826645,-110.80781083809734,-47.10230907929297
82,99,Lomax_Pareto-Tail_continuous,1000,1.9464042817771219,-607.4553243932125,103.52089746627948,-148.34744826826645,-110.80781083809734,-47.10230907929297
82,99,Lomax_Pareto-Tail_continuous,1000,1.9464042817771219,-607.4553243932125,103.52089746627948,-148.34744826826645,-110.80781083809734,-47.10230907929297
83,99,Lomax_GPD-Tail_continuous,1000,0.09728306406891843,-596.86131418902,101.16930596994476,-148.34744826826645,-110.80781083809734,-47.10230907929297
83,99,Lomax_GPD-Tail_continuous,1000,0.09728306406891843,-596.86131418902,101.16930596994476,-148.34744826826645,-110.80781083809734,-47.10230907929297
83,99,Lomax_GPD-Tail_continuous,1000,0.09728306406891843,-596.86131418902,101.16930596994476,-148.34744826826645,-110.80781083809734,-47.10230907929297
84,99,Lomax_Inverse-Gamma_continuous,1000,1.311114211151601,-605.6915002564342,97.51136975603157,-148.34744826826645,-110.80781083809734,-47.10230907929297
84,99,Lomax_Inverse-Gamma_continuous,1000,1.311114211151601,-605.6915002564342,97.51136975603157,-148.34744826826645,-110.80781083809734,-47.10230907929297
84,99,Lomax_Inverse-Gamma_continuous,1000,1.311114211151601,-605.6915002564342,97.51136975603157,-148.34744826826645,-110.80781083809734,-47.10230907929297
85,99,Lomax_Inverse-Weibull_continuous,1000,0.7394981139224426,-604.6705868287344,285.19622412707577,-148.34744826826645,-110.80781083809734,-47.10230907929297
85,99,Lomax_Inverse-Weibull_continuous,1000,0.7394981139224426,-604.6705868287344,285.19622412707577,-148.34744826826645,-110.80781083809734,-47.10230907929297
85,99,Lomax_Inverse-Weibull_continuous,1000,0.7394981139224426,-604.6705868287344,285.19622412707577,-148.34744826826645,-110.80781083809734,-47.10230907929297
86,99,Lomax_Exp_continuous,1000,5.236482200317427,-630.5192534191452,198.42424335582237,-148.34744826826645,-110.80781083809734,-47.10230907929297
86,99,Lomax_Exp_continuous,1000,5.236482200317427,-630.5192534191452,198.42424335582237,-148.34744826826645,-110.80781083809734,-47.10230907929297
86,99,Lomax_Exp_continuous,1000,5.236482200317427,-630.5192534191452,198.42424335582237,-148.34744826826645,-110.80781083809734,-47.10230907929297
87,99,Lomax_Gamma_continuous,1000,0.5252948141273502,-617.23985218035,181.52207067734824,-148.34744826826645,-110.80781083809734,-47.10230907929297
87,99,Lomax_Gamma_continuous,1000,0.5252948141273502,-617.23985218035,181.52207067734824,-148.34744826826645,-110.80781083809734,-47.10230907929297
87,99,Lomax_Gamma_continuous,1000,0.5252948141273502,-617.23985218035,181.52207067734824,-148.34744826826645,-110.80781083809734,-47.10230907929297
88,99,Log-Logistic_Weibull_continuous,1000,0.5306865754878948,-591.6436279178777,155.38301051317828,-148.34744826826645,-110.80781083809734,-47.10230907929297
88,99,Log-Logistic_Weibull_continuous,1000,0.5306865754878948,-591.6436279178777,155.38301051317828,-148.34744826826645,-110.80781083809734,-47.10230907929297
88,99,Log-Logistic_Weibull_continuous,1000,0.5306865754878948,-591.6436279178777,155.38301051317828,-148.34744826826645,-110.80781083809734,-47.10230907929297
89,99,Log-Logistic_Lognormal_continuous,1000,0.7118601738814397,-591.1603105801515,76.53789489930288,-148.34744826826645,-110.80781083809734,-47.10230907929297
89,99,Log-Logistic_Lognormal_continuous,1000,0.7118601738814397,-591.1603105801515,76.53789489930288,-148.34744826826645,-110.80781083809734,-47.10230907929297
89,99,Log-Logistic_Lognormal_continuous,1000,0.7118601738814397,-591.1603105801515,76.53789489930288,-148.34744826826645,-110.80781083809734,-47.10230907929297
90,99,Log-Logistic_Log-Logistic_continuous,1000,1.764259896961365,-592.3371637235064,74.38552877255516,-148.34744826826645,-110.80781083809734,-47.10230907929297
90,99,Log-Logistic_Log-Logistic_continuous,1000,1.764259896961365,-592.3371637235064,74.38552877255516,-148.34744826826645,-110.80781083809734,-47.10230907929297
90,99,Log-Logistic_Log-Logistic_continuous,1000,1.764259896961365,-592.3371637235064,74.38552877255516,-148.34744826826645,-110.80781083809734,-47.10230907929297
91,99,Log-Logistic_Lomax_continuous,1000,1.0233972090889252,-591.2658994799773,73.626374345624,-148.34744826826645,-110.80781083809734,-47.10230907929297
91,99,Log-Logistic_Lomax_continuous,1000,1.0233972090889252,-591.2658994799773,73.626374345624,-148.34744826826645,-110.80781083809734,-47.10230907929297
91,99,Log-Logistic_Lomax_continuous,1000,1.0233972090889252,-591.2658994799773,73.626374345624,-148.34744826826645,-110.80781083809734,-47.10230907929297
92,99,Log-Logistic_Burr_continuous,1000,1.1814477862780282,-592.169275175268,244.52103326579055,-148.34744826826645,-110.80781083809734,-47.10230907929297
92,99,Log-Logistic_Burr_continuous,1000,1.1814477862780282,-592.169275175268,244.52103326579055,-148.34744826826645,-110.80781083809734,-47.10230907929297
92,99,Log-Logistic_Burr_continuous,1000,1.1814477862780282,-592.169275175268,244.52103326579055,-148.34744826826645,-110.80781083809734,-47.10230907929297
93,99,Log-Logistic_Pareto-Tail_continuous,1000,2.6492393451665395,-592.7864591236043,76.38297567010403,-148.34744826826645,-110.80781083809734,-47.10230907929297
93,99,Log-Logistic_Pareto-Tail_continuous,1000,2.6492393451665395,-592.7864591236043,76.38297567010403,-148.34744826826645,-110.80781083809734,-47.10230907929297
93,99,Log-Logistic_Pareto-Tail_continuous,1000,2.6492393451665395,-592.7864591236043,76.38297567010403,-148.34744826826645,-110.80781083809734,-47.10230907929297
94,99,Log-Logistic_GPD-Tail_continuous,1000,1.1331604757402602,-592.2033007018083,67.8310208660304,-148.34744826826645,-110.80781083809734,-47.10230907929297
94,99,Log-Logistic_GPD-Tail_continuous,1000,1.1331604757402602,-592.2033007018083,67.8310208660304,-148.34744826826645,-110.80781083809734,-47.10230907929297
94,99,Log-Logistic_GPD-Tail_continuous,1000,1.1331604757402602,-592.2033007018083,67.8310208660304,-148.34744826826645,-110.80781083809734,-47.10230907929297
95,99,Log-Logistic_Inverse-Gamma_continuous,1000,1.911502308008273,-592.4585510913333,71.70817300000644,-148.34744826826645,-110.80781083809734,-47.10230907929297
95,99,Log-Logistic_Inverse-Gamma_continuous,1000,1.911502308008273,-592.4585510913333,71.70817300000644,-148.34744826826645,-110.80781083809734,-47.10230907929297
95,99,Log-Logistic_Inverse-Gamma_continuous,1000,1.911502308008273,-592.4585510913333,71.70817300000644,-148.34744826826645,-110.80781083809734,-47.10230907929297
96,99,Log-Logistic_Inverse-Weibull_continuous,1000,2.2270030403095387,-592.819293662907,72.23941920331606,-148.34744826826645,-110.80781083809734,-47.10230907929297
96,99,Log-Logistic_Inverse-Weibull_continuous,1000,2.2270030403095387,-592.819293662907,72.23941920331606,-148.34744826826645,-110.80781083809734,-47.10230907929297
96,99,Log-Logistic_Inverse-Weibull_continuous,1000,2.2270030403095387,-592.819293662907,72.23941920331606,-148.34744826826645,-110.80781083809734,-47.10230907929297
97,99,Log-Logistic_Exp_continuous,1000,5.9662416993409675,-608.9262423065879,201.8742402878775,-148.34744826826645,-110.80781083809734,-47.10230907929297
97,99,Log-Logistic_Exp_continuous,1000,5.9662416993409675,-608.9262423065879,201.8742402878775,-148.34744826826645,-110.80781083809734,-47.10230907929297
97,99,Log-Logistic_Exp_continuous,1000,5.9662416993409675,-608.9262423065879,201.8742402878775,-148.34744826826645,-110.80781083809734,-47.10230907929297
98,99,Log-Logistic_Gamma_continuous,1000,2.143782847154775,-604.0957765474237,215.67900831951692,-148.34744826826645,-110.80781083809734,-47.10230907929297
98,99,Log-Logistic_Gamma_continuous,1000,2.143782847154775,-604.0957765474237,215.67900831951692,-148.34744826826645,-110.80781083809734,-47.10230907929297
98,99,Log-Logistic_Gamma_continuous,1000,2.143782847154775,-604.0957765474237,215.67900831951692,-148.34744826826645,-110.80781083809734,-47.10230907929297
99,99,Burr_Weibull_continuous,1000,0.7499611717868871,-591.9469586594807,247.08599801241425,-148.34744826826645,-110.80781083809734,-47.10230907929297
99,99,Burr_Weibull_continuous,1000,0.7499611717868871,-591.9469586594807,247.08599801241425,-148.34744826826645,-110.80781083809734,-47.10230907929297
99,99,Burr_Weibull_continuous,1000,0.7499611717868871,-591.9469586594807,247.08599801241425,-148.34744826826645,-110.80781083809734,-47.10230907929297
100,99,Burr_Lognormal_continuous,1000,1.015697684284415,-591.2594371248543,98.28382342587565,-148.34744826826645,-110.80781083809734,-47.10230907929297
100,99,Burr_Lognormal_continuous,1000,1.015697684284415,-591.2594371248543,98.28382342587565,-148.34744826826645,-110.80781083809734,-47.10230907929297
100,99,Burr_Lognormal_continuous,1000,1.015697684284415,-591.2594371248543,98.28382342587565,-148.34744826826645,-110.80781083809734,-47.10230907929297
101,99,Burr_Log-Logistic_continuous,1000,2.4942122935872337,-592.6971593238798,85.4175398603934,-148.34744826826645,-110.80781083809734,-47.10230907929297
101,99,Burr_Log-Logistic_continuous,1000,2.4942122935872337,-592.6971593238798,85.4175398603934,-148.34744826826645,-110.80781083809734,-47.10230907929297
101,99,Burr_Log-Logistic_continuous,1000,2.4942122935872337,-592.6971593238798,85.4175398603934,-148.34744826826645,-110.80781083809734,-47.10230907929297
102,99,Burr_Lomax_continuous,1000,1.333786287953685,-591.4399928379146,65.02326754637966,-148.34744826826645,-110.80781083809734,-47.10230907929297
102,99,Burr_Lomax_continuous,1000,1.333786287953685,-591.4399928379146,65.02326754637966,-148.34744826826645,-110.80781083809734,-47.10230907929297
102,99,Burr_Lomax_continuous,1000,1.333786287953685,-591.4399928379146,65.02326754637966,-148.34744826826645,-110.80781083809734,-47.10230907929297
103,99,Burr_Burr_continuous,1000,1.4160286161600661,-592.5320784758378,191.2682052295877,-148.34744826826645,-110.80781083809734,-47.10230907929297
103,99,Burr_Burr_continuous,1000,1.4160286161600661,-592.5320784758378,191.2682052295877,-148.34744826826645,-110.80781083809734,-47.10230907929297
103,99,Burr_Burr_continuous,1000,1.4160286161600661,-592.5320784758378,191.2682052295877,-148.34744826826645,-110.80781083809734,-47.10230907929297
104,99,Burr_Pareto-Tail_continuous,1000,3.1118644922394307,-593.1415825808745,154.17661474571318,-148.34744826826645,-110.80781083809734,-47.10230907929297
104,99,Burr_Pareto-Tail_continuous,1000,3.1118644922394307,-593.1415825808745,154.17661474571318,-148.34744826826645,-110.80781083809734,-47.10230907929297
104,99,Burr_Pareto-Tail_continuous,1000,3.1118644922394307,-593.1415825808745,154.17661474571318,-148.34744826826645,-110.80781083809734,-47.10230907929297
105,99,Burr_GPD-Tail_continuous,1000,1.292111560283863,-592.2782744819756,72.89070735564124,-148.34744826826645,-110.80781083809734,-47.10230907929297
105,99,Burr_GPD-Tail_continuous,1000,1.292111560283863,-592.2782744819756,72.89070735564124,-148.34744826826645,-110.80781083809734,-47.10230907929297
105,99,Burr_GPD-Tail_continuous,1000,1.292111560283863,-592.2782744819756,72.89070735564124,-148.34744826826645,-110.80781083809734,-47.10230907929297
106,99,Burr_Inverse-Gamma_continuous,1000,2.3783413410843424,-592.64540945212,86.52780566091117,-148.34744826826645,-110.80781083809734,-47.10230907929297
106,99,Burr_Inverse-Gamma_continuous,1000,2.3783413410843424,-592.64540945212,86.52780566091117,-148.34744826826645,-110.80781083809734,-47.10230907929297
106,99,Burr_Inverse-Gamma_continuous,1000,2.3783413410843424,-592.64540945212,86.52780566091117,-148.34744826826645,-110.80781083809734,-47.10230907929297
107,99,Burr_Inverse-Weibull_continuous,1000,2.6185165180551984,-592.9286081558051,81.15000780845797,-148.34744826826645,-110.80781083809734,-47.10230907929297
107,99,Burr_Inverse-Weibull_continuous,1000,2.6185165180551984,-592.9286081558051,81.15000780845797,-148.34744826826645,-110.80781083809734,-47.10230907929297
107,99,Burr_Inverse-Weibull_continuous,1000,2.6185165180551984,-592.9286081558051,81.15000780845797,-148.34744826826645,-110.80781083809734,-47.10230907929297
108,99,Burr_Exp_continuous,1000,7.594881789160213,-601.7470111319724,114.70878466885522,-148.34744826826645,-110.80781083809734,-47.10230907929297
108,99,Burr_Exp_continuous,1000,7.594881789160213,-601.7470111319724,114.70878466885522,-148.34744826826645,-110.80781083809734,-47.10230907929297
108,99,Burr_Exp_continuous,1000,7.594881789160213,-601.7470111319724,114.70878466885522,-148.34744826826645,-110.80781083809734,-47.10230907929297
109,99,Burr_Gamma_continuous,1000,5.12510296390551,-601.2622189477178,120.09359813251179,-148.34744826826645,-110.80781083809734,-47.10230907929297
109,99,Burr_Gamma_continuous,1000,5.12510296390551,-601.2622189477178,120.09359813251179,-148.34744826826645,-110.80781083809734,-47.10230907929297
109,99,Burr_Gamma_continuous,1000,5.12510296390551,-601.2622189477178,120.09359813251179,-148.34744826826645,-110.80781083809734,-47.10230907929297
