"","x"
"1",1.68374817
"2",2.093704246
"3",1.732581259
"4",1.779754026
"5",4.612005857
"6",8.725273792
"7",7.89897511
"8",2.208045388
"9",1.486090776
"10",2.796171303
"11",7.320644217
"12",3.36749634
"13",1.464128843
"14",1.722222548
"15",11.374816984
"16",2.482739385
"17",26.214641288
"18",2.002430454
"19",4.530014641
"20",1.841752562
"21",3.806734993
"22",14.122076135
"23",5.424253294
"24",11.713030747
"25",1.515373353
"26",2.53858858
"27",2.049780381
"28",12.465592972
"29",1.735445095
"30",1.68374817
"31",3.323852123
"32",1.82102489
"33",2.415812592
"34",1.464128843
"35",5.875901903
"36",1.792439239
"37",3.338213763
"38",1.584487555
"39",1.931320644
"40",2.049780381
"41",1.573758419
"42",1.756954612
"43",4.931185944
"44",5.41727672
"45",1.537335286
"46",17.56954612
"47",1.691122987
"48",1.581612006
"49",1.467115666
"50",2.049780381
"51",1.928711567
"52",3.263153734
"53",1.704245974
"54",2.074607613
"55",3.294289898
"56",1.83997511
"57",7.320644217
"58",7.320644217
"59",1.576215227
"60",4.856098097
"61",1.542275256
"62",13.62079063
"63",1.756954612
"64",1.639824305
"65",2.036377745
"66",21.96193265
"67",1.799026354
"68",2.452415813
"69",2.669106881
"70",2.024146413
"71",1.724743777
"72",1.643863836
"73",1.96193265
"74",4.626647145
"75",1.464128843
"76",3.963250366
"77",5.563852123
"78",4.39238653
"79",3.640313324
"80",1.677891654
"81",1.449487555
"82",263.250366032
"83",2.500732064
"84",1.825768668
"85",9.882869693
"86",2.146617862
"87",2.870259151
"88",6.319913616
"89",2.123461201
"90",2.9238653
"91",2.036376281
"92",1.736456808
"93",2.049780381
"94",1.903367496
"95",1.610541728
"96",1.717423133
"97",3.129437775
"98",2.05195754
"99",1.967518302
"100",2.102489019
"101",3.259150805
"102",1.998535871
"103",5.41727672
"104",2.819836018
"105",3.697083455
"106",2.045387994
"107",2.679355783
"108",3.426224012
"109",1.588579795
"110",4.262871157
"111",1.755859444
"112",1.987005857
"113",1.661925329
"114",7.613469985
"115",1.794878477
"116",6.674816984
"117",2.185944363
"118",3.855051245
"119",3.221083455
"120",2.122986823
"121",1.760291362
"122",2.041653001
"123",3.755938507
"124",2.242111274
"125",1.721112738
"126",1.464128843
"127",4.711891654
"128",2.153824305
"129",3.874812592
"130",19.070278184
"131",1.887262079
"132",1.464128843
"133",1.536163982
"134",2.560065886
"135",2.799707174
"136",2.01317716
"137",1.464128843
"138",6.325036603
"139",1.567300146
"140",2.196193265
"141",2.335285505
"142",2.115666179
"143",1.469544656
"144",5.402635432
"145",5.314787701
"146",2.872620791
"147",2.781844802
"148",2.576821376
"149",3.10102489
"150",1.464128843
"151",2.049780381
"152",1.96193265
"153",1.464128843
"154",2.635431918
"155",1.464128843
"156",5.856515373
"157",3.294289898
"158",2.520856515
"159",19.472913616
"160",1.835462665
"161",2.049780381
"162",2.783308931
"163",2.781844802
"164",1.756954612
"165",2.840409956
"166",2.330893119
"167",1.756225426
"168",1.314547837
"169",2.403971166
"170",6.915630406
"171",1.491876802
"172",1.532395806
"173",1.873861075
"174",1.815203145
"175",8.256880734
"176",1.410204456
"177",2.206625164
"178",34.141546527
"179",2.443310616
"180",3.594369594
"181",2.372214941
"182",3.669724771
"183",6.888453473
"184",1.802096986
"185",1.441677588
"186",9.174311927
"187",2.096985583
"188",2.814547837
"189",1.684903014
"190",2.099606815
"191",2.621231979
"192",1.376146789
"193",1.664482307
"194",2.359108781
"195",4.136487549
"196",1.394395806
"197",1.802096986
"198",1.819134993
"199",1.513761468
"200",3.080773263
"201",20.969855832
"202",4.193971166
"203",1.861643512
"204",2.49672346
"205",2.213781127
"206",5.242463958
"207",1.32225426
"208",8.551769332
"209",1.965923984
"210",12.895150721
"211",1.788990826
"212",2.176826999
"213",8.777627785
"214",1.815203145
"215",1.683140236
"216",3.643512451
"217",1.613368283
"218",1.467889908
"219",1.405604194
"220",3.120803408
"221",1.598180865
"222",3.80078637
"223",1.510089122
"224",1.572739187
"225",1.830052425
"226",2.621231979
"227",2.806480996
"228",1.357798165
"229",1.618610747
"230",1.965923984
"231",3.022280472
"232",56.22542595
"233",4.98034076
"234",1.987162516
"235",1.965923984
"236",2.711292267
"237",1.900393185
"238",1.723460026
"239",1.572739187
"240",1.703800786
"241",3.01965924
"242",1.834862385
"243",1.419397117
"244",4.390563565
"245",7.863695937
"246",1.572739187
"247",1.336613368
"248",1.703800786
"249",2.635622543
"250",1.864718218
"251",1.457754915
"252",7.558322412
"253",2.031397117
"254",1.349934469
"255",1.474862385
"256",5.111402359
"257",5.242463958
"258",1.441677588
"259",3.936138925
"260",4.062909567
"261",1.376146789
"262",1.684141547
"263",1.440619921
"264",1.364549148
"265",1.572739187
"266",2.185422018
"267",3.281346003
"268",1.363100917
"269",2.123197903
"270",2.634338139
"271",2.098296199
"272",3.434352556
"273",1.478795544
"274",2.621231979
"275",3.001310616
"276",1.429733945
"277",10.222804718
"278",2.579395806
"279",1.755359109
"280",1.47340498
"281",1.952817824
"282",1.779868938
"283",1.986862385
"284",1.939711664
"285",1.675900393
"286",1.572739187
"287",2.524901704
"288",14.678899083
"289",3.034076016
"290",1.979030144
"291",5.937758847
"292",1.441677588
"293",2.621231979
"294",2.038007864
"295",3.75491481
"296",2.43774574
"297",1.702031455
"298",7.109870249
"299",2.01965924
"300",1.85049017
"301",1.415950197
"302",7.693315858
"303",3.014416776
"304",2.359108781
"305",1.592315858
"306",1.389252949
"307",1.332968545
"308",1.423328965
"309",2.977571429
"310",1.387355177
"311",1.404980341
"312",2.621231979
"313",4.279161206
"314",1.605504587
"315",2.011795544
"316",2.267365662
"317",1.464650066
"318",3.374065531
"319",1.490799476
"320",2.096985583
"321",1.570166448
"322",1.376146789
"323",3.145478375
"324",8.453735256
"325",3.033283093
"326",2.064220183
"327",6.422018349
"328",1.89878768
"329",1.49017038
"330",50.065530799
"331",1.559633028
"332",1.965923984
"333",1.800052425
"334",2.424639581
"335",1.31061599
"336",1.612057667
"337",4.221165279
"338",1.260404281
"339",1.403693222
"340",1.297265161
"341",1.927492271
"342",1.915457788
"343",1.207451843
"344",5.69858264
"345",1.902497027
"346",1.189134364
"347",10.178023781
"348",1.602079667
"349",4.161712247
"350",2.363049941
"351",1.965043995
"352",1.945982164
"353",2.853745541
"354",1.202439952
"355",10.820451843
"356",1.588763377
"357",2.096349584
"358",5.469678954
"359",1.892984542
"360",2.033293698
"361",1.605231867
"362",1.403091558
"363",1.195005945
"364",3.246135553
"365",1.263122473
"366",2.972651605
"367",1.204950059
"368",1.881273484
"369",1.783590963
"370",3.923900119
"371",1.902497027
"372",1.664684899
"373",4.452825208
"374",1.32362069
"375",1.605231867
"376",24.970273484
"377",2.734839477
"378",1.783590963
"379",1.810939358
"380",2.114149822
"381",1.391200951
"382",1.346016647
"383",1.507384067
"384",1.940487515
"385",2.56979786
"386",1.580765755
"387",1.487514863
"388",1.521997622
"389",1.690844233
"390",1.783590963
"391",1.258865636
"392",1.573747919
"393",1.467300832
"394",2.713705113
"395",2.736028537
"396",1.456599287
"397",2.137431629
"398",2.479090369
"399",2.378121284
"400",4.637336504
"401",1.189060642
"402",1.545778835
"403",2.342449465
"404",2.337693222
"405",1.397146254
"406",4.221165279
"407",1.639952438
"408",1.218787158
"409",3.68608799
"410",2.497027348
"411",2.497027348
"412",5.231866825
"413",1.307966706
"414",1.268124851
"415",2.165279429
"416",4.640192628
"417",2.972651605
"418",1.664684899
"419",1.189060642
"420",11.890606421
"421",2.865636147
"422",1.24436742
"423",1.724137931
"424",5.695600476
"425",1.35956956
"426",7.07491082
"427",1.403475624
"428",1.402418549
"429",1.319857313
"430",4.320588585
"431",1.843043995
"432",1.414982164
"433",1.486325803
"434",4.946032105
"435",1.913198573
"436",20.049940547
"437",1.436507729
"438",5.507728894
"439",3.210463734
"440",1.399328181
"441",5.001734839
"442",3.448275862
"443",3.55648038
"444",1.357568371
"445",2.131511296
"446",1.84188585
"447",1.426872771
"448",2.417598098
"449",1.252154578
"450",1.899702735
"451",1.559183115
"452",1.24925327
"453",1.903241379
"454",1.605231867
"455",2.22965874
"456",1.212841855
"457",3.448275862
"458",1.243267539
"459",1.674931034
"460",1.353151011
"461",1.78754459
"462",2.03686088
"463",1.973840666
"464",1.640903686
"465",2.909932224
"466",2.550958383
"467",1.807372176
"468",4.002577883
"469",1.426872771
"470",0.951248514
"471",2.343111772
"472",1.38882283
"473",4.173602854
"474",1.278537455
"475",3.558858502
"476",1.200149822
"477",1.551234245
"478",1.699619501
"479",65.707491082
"480",27.26259453
"481",15.92627824
"482",1.279497027
"483",3.098441141
"484",2.94696195
"485",1.224732461
"486",1.664684899
"487",1.319601665
"488",1.516599287
"489",1.273230678
"490",1.664684899
"491",1.307966706
"492",5.469678954
"493",1.248513674
"494",1.986825208
"495",1.426872771
"496",1.426872771
"497",2.164090369
"498",2.140309156
"499",1.307966706
"500",1.498384067
"501",1.688466112
"502",1.83994887
"503",4.375743163
"504",1.786692033
"505",1.655944114
"506",1.189060642
"507",3.85075981
"508",4.161712247
"509",2.140309156
"510",2.140309156
"511",2.615933413
"512",4.161712247
"513",22.258225922
"514",2.25921522
"515",4.280618312
"516",1.306247325
"517",5.588585018
"518",2.794292509
"519",1.44160178
"520",1.349646274
"521",1.565072303
"522",1.112347052
"523",2.810163515
"524",1.783452725
"525",2.128698554
"526",4.349276974
"527",2.710789766
"528",1.134593993
"529",2.623686318
"530",2.393770857
"531",6.234705228
"532",1.378197998
"533",1.216907675
"534",1.163515017
"535",2.459407119
"536",4.727474972
"537",1.557285873
"538",1.307007786
"539",3.14349277
"540",1.197107898
"541",1.167964405
"542",1.112347052
"543",1.779755284
"544",1.64740267
"545",1.72369188
"546",5.561735261
"547",1.334816463
"548",0.862068966
"549",1.446051168
"550",1.334816463
"551",1.590656285
"552",1.112347052
"553",3.03243604
"554",3.786429366
"555",2.224694105
"556",2.447163515
"557",10.011123471
"558",1.163547275
"559",1.112347052
"560",3.152863181
"561",3.726362625
"562",4.449388209
"563",2.281263626
"564",3.559510567
"565",4.449388209
"566",1.209121246
"567",1.156840934
"568",2.224694105
"569",1.240266963
"570",1.15925584
"571",1.668520578
"572",3.337041157
"573",10.072302558
"574",2.141268076
"575",1.474972191
"576",1.112347052
"577",1.689655172
"578",1.668520578
"579",1.617352614
"580",1.112347052
"581",2.169076752
"582",1.493882091
"583",1.408231368
"584",2.502780868
"585",2.258064516
"586",3.726362625
"587",1.893699666
"588",1.704115684
"589",2.342854283
"590",1.946607341
"591",1.27919911
"592",1.510696329
"593",2.447163515
"594",3.675194661
"595",2.378241379
"596",1.774193548
"597",1.51512792
"598",2.234705228
"599",1.816462736
"600",3.448275862
"601",4.67185762
"602",1.156840934
"603",1.223581758
"604",4.078929922
"605",1.19243604
"606",1.204093437
"607",2.55839822
"608",1.618464961
"609",1.822024472
"610",1.61056396
"611",1.860956618
"612",7.992070078
"613",1.785317019
"614",4.89432703
"615",2.52057842
"616",1.394883204
"617",1.390433815
"618",1.297179088
"619",3.670745273
"620",3.876529477
"621",3.587319244
"622",1.437954394
"623",1.17527475
"624",1.501668521
"625",1.506003337
"626",5.925472747
"627",12.631813126
"628",3.061179088
"629",1.436040044
"630",2.27919911
"631",1.491766407
"632",6.916553949
"633",1.604229143
"634",1.668520578
"635",1.157211346
"636",1.320355951
"637",3.448275862
"638",1.975761958
"639",1.85650723
"640",2.002224694
"641",5.300503893
"642",4.004449388
"643",1.124468298
"644",1.546494994
"645",2.55839822
"646",1.47916574
"647",1.259399333
"648",3.197997775
"649",3.114571746
"650",1.312569522
"651",5.672969967
"652",13.348164627
"653",11.431590656
"654",4.259176863
"655",3.366826474
"656",1.112347052
"657",1.112347052
"658",1.446051168
"659",2.073114572
"660",1.223581758
"661",1.612903226
"662",1.319243604
"663",1.129032258
"664",2.33592881
"665",1.724137931
"666",11.123470523
"667",1.668520578
"668",1.557285873
"669",1.557285873
"670",1.933311457
"671",1.724137931
"672",1.501668521
"673",2.207434555
"674",1.047120419
"675",1.425361257
"676",1.361256545
"677",9.314136126
"678",1.644890052
"679",2.617801047
"680",2.541112042
"681",1.570680628
"682",1.256544503
"683",1.458638743
"684",1.047120419
"685",2.231413613
"686",2.19895288
"687",5.02617801
"688",2.408376963
"689",1.65217801
"690",1.151832461
"691",1.31968377
"692",2.701570681
"693",2.544502618
"694",2.356020942
"695",1.256544503
"696",1.67539267
"697",1.361256545
"698",3.87434555
"699",1.769633508
"700",1.118324607
"701",2.209424084
"702",1.098429319
"703",1.151832461
"704",2.963749738
"705",11.623036649
"706",14.293193717
"707",1.287958115
"708",1.465968586
"709",13.623036649
"710",1.129842932
"711",2.403141361
"712",5.445026178
"713",1.046910995
"714",1.059162304
"715",2.094240838
"716",1.855497382
"717",1.570680628
"718",1.937172775
"719",2.203141361
"720",2.460732984
"721",1.427616754
"722",1.735078534
"723",4.083769634
"724",2.157068063
"725",1.465968586
"726",1.168586387
"727",1.22513089
"728",1.151832461
"729",3.769633508
"730",1.095052356
"731",1.204188482
"732",2.617801047
"733",1.871204188
"734",4.397905759
"735",4.607329843
"736",18.64648377
"737",1.047120419
"738",1.047120419
"739",1.047120419
"740",15.811518325
"741",1.989528796
"742",1.047120419
"743",1.256544503
"744",1.151832461
"745",1.073298429
"746",1.194420942
"747",1.064361257
"748",1.384293194
"749",1.130890052
"750",1.151832461
"751",1.793717277
"752",1.141361257
"753",1.632905759
"754",2.643979058
"755",1.286896335
"756",4.45026178
"757",1.236649215
"758",1.959162304
"759",1.191050262
"760",1.314433508
"761",1.989528796
"762",1.649570681
"763",2.722513089
"764",1.132420942
"765",1.780104712
"766",1.607329843
"767",0.989774869
"768",1.204188482
"769",1.073298429
"770",1.09947644
"771",1.406282723
"772",1.965445026
"773",3.363190576
"774",1.570680628
"775",1.256544503
"776",2.762440838
"777",1.066485864
"778",1.377950785
"779",1.300253403
"780",1.319371728
"781",3.403141361
"782",1.361256545
"783",1.178010471
"784",4.293193717
"785",4.808376963
"786",1.09947644
"787",2.219895288
"788",2.617801047
"789",1.434496335
"790",1.047120419
"791",2.513089005
"792",1.621459686
"793",19.162303665
"794",1.570680628
"795",2.303664921
"796",1.845554974
"797",1.047120419
"798",1.989528796
"799",2.827225131
"800",1.256544503
"801",3.979057592
"802",1.361256545
"803",1.633507853
"804",0.942408377
"805",18.848167539
"806",1.12565445
"807",5.30557801
"808",1.727748691
"809",1.165342408
"810",1.151832461
"811",1.256544503
"812",3.568586387
"813",7.235602094
"814",1.570680628
"815",7.643979058
"816",2.122003141
"817",2.931937173
"818",1.287958115
"819",1.06800733
"820",1.27561466
"821",1.623036649
"822",2.670157068
"823",1.256544503
"824",1.103048168
"825",1.204188482
"826",1.151832461
"827",1.884816754
"828",7.539267016
"829",1.09947644
"830",1.570680628
"831",2.670157068
"832",1.151832461
"833",3.87434555
"834",5.02617801
"835",1.780104712
"836",4.764397906
"837",1.151832461
"838",1.5
"839",1.251
"840",1.03
"841",1.05
"842",1.9
"843",1.1
"844",1.88175
"845",1.007
"846",1.63
"847",1.025
"848",1.007274
"849",3.5
"850",2.9
"851",2.463137
"852",4.625
"853",1.03
"854",1.4
"855",1.077075
"856",1.32
"857",2.6
"858",1.08
"859",1.517
"860",1.07
"861",2.256823
"862",1.788413
"863",1.278896
"864",4.609074
"865",3.183
"866",1.2
"867",2.743
"868",3
"869",1.008938
"870",1.004084
"871",1.85
"872",1.520994
"873",1.250089
"874",1
"875",1.956
"876",1.05
"877",2.779
"878",22.137567
"879",1.445
"880",1.0051
"881",1
"882",1
"883",16.3
"884",1.11
"885",1.475
"886",1.049873
"887",1.753542
"888",6.143355
"889",1.23
"890",1.939
"891",46.5
"892",1.241472
"893",3.4
"894",1
"895",6.2
"896",1.966237
"897",2.17
"898",1.296
"899",1.555
"900",1.15
"901",1.33
"902",4.124285
"903",1.394239
"904",4.761228
"905",4.868852
"906",4
"907",1.6
"908",7.085
"909",1.765054
"910",6.306654
"911",1.25
"912",1.2
"913",1.226412
"914",6.563
"915",4.17
"916",2.68
"917",1.075
"918",1.932957
"919",1.375
"920",1.25
"921",3.38
"922",1.3801
"923",2.283
"924",2.35
"925",3.15
"926",3.35
"927",4
"928",10.5
"929",2.89
"930",5.5
"931",2.8
"932",1.26
"933",1.1
"934",2.126759
"935",2.2
"936",1.07
"937",9.2
"938",1.5
"939",1.65
"940",12.225
"941",1.4
"942",14.239
"943",1.085
"944",1.05
"945",2.65
"946",2.123
"947",5.2
"948",1.825
"949",1.1
"950",1
"951",2.065
"952",1.2774
"953",1.195
"954",1.2
"955",1.1
"956",1.4
"957",1.585
"958",3.265042
"959",1.2
"960",2.433
"961",1.6
"962",2
"963",4.76
"964",1.165
"965",1.372
"966",1.2
"967",1.65
"968",1.7
"969",1.3
"970",1.1
"971",1.1
"972",1.241012
"973",1.005
"974",3.282
"975",1.05
"976",57.410636
"977",1.088
"978",1.118
"979",2.67
"980",1.0749
"981",2.141
"982",5.85
"983",14.3
"984",1.971
"985",1.7
"986",6.167
"987",1.05
"988",1.156058
"989",3.58215
"990",13.5
"991",1.2015
"992",1.65
"993",1.3776
"994",3.8
"995",1.3255
"996",4.05
"997",6.7
"998",1.16
"999",1.5
"1000",1.06
"1001",1.491287
"1002",1.981813
"1003",1.5
"1004",3.21436
"1005",4.1
"1006",1
"1007",10.7
"1008",19.4
"1009",1.605603
"1010",1.132
"1011",2.255
"1012",2.02
"1013",1.231
"1014",4.1
"1015",7.23
"1016",1.85
"1017",1
"1018",2.56
"1019",1.553
"1020",1.7
"1021",1.045472
"1022",1.054
"1023",1
"1024",8.71
"1025",1.5
"1026",1.5
"1027",1.26106
"1028",1.055
"1029",1.282
"1030",1.3
"1031",1.3
"1032",1.422078
"1033",1
"1034",1.2
"1035",1.85
"1036",1.18
"1037",1.043
"1038",1
"1039",1.6
"1040",5.6
"1041",1.8
"1042",2.5
"1043",1.75
"1044",1.45
"1045",1.460945034
"1046",1.157184185
"1047",1.495756991
"1048",5.207328833
"1049",3.683702989
"1050",1.446480231
"1051",1.038657666
"1052",1.253616201
"1053",1.06075217
"1054",1.398264224
"1055",1.398264224
"1056",2.410800386
"1057",1.441851495
"1058",1.639344262
"1059",1.050626808
"1060",1.755062681
"1061",0.964320154
"1062",4.484088717
"1063",0.964320154
"1064",1.677917068
"1065",1.06075217
"1066",1
"1067",3.082931533
"1068",1.277724204
"1069",1.207328833
"1070",1.928640309
"1071",1.00289296
"1072",1.089681774
"1073",1.758129219
"1074",1.446480231
"1075",1.591128255
"1076",1.108968177
"1077",1.023109932
"1078",2.00096432
"1079",1.314310511
"1080",0.972690453
"1081",2.068466731
"1082",3.085824494
"1083",6.798457088
"1084",1.639344262
"1085",1.639344262
"1086",1.229508197
"1087",1.735776278
"1088",2.823416586
"1089",2.507232401
"1090",1.866739634
"1091",4.43587271
"1092",1.928640309
"1093",1.06075217
"1094",1.741465767
"1095",3.085824494
"1096",12.054001929
"1097",1.157184185
"1098",2.410800386
"1099",1.558341369
"1100",0.964320154
"1101",1.350048216
"1102",3.182256509
"1103",1.900663452
"1104",2.31436837
"1105",3.707810993
"1106",3.206364513
"1107",1.06075217
"1108",0.964320154
"1109",1.446480231
"1110",1.157184185
"1111",5.207328833
"1112",3.664416586
"1113",1.659228544
"1114",2.507232401
"1115",0.990356798
"1116",3.191899711
"1117",16.441658631
"1118",1.082931533
"1119",2.410800386
"1120",3.66924783
"1121",1.181292189
"1122",29.026036644
"1123",4.918032787
"1124",1.148505304
"1125",1.542912247
"1126",1.567020251
"1127",1.253616201
"1128",1.542912247
"1129",1.832208293
"1130",1.663452266
"1131",1.277724204
"1132",2.4435892
"1133",2.892960463
"1134",3.134040501
"1135",2.603664417
"1136",3.789778206
"1137",1.902603664
"1138",3.770438766
"1139",1.166827387
"1140",1.18900675
"1141",0.964320154
"1142",1.321118611
"1143",1.735776278
"1144",12.536162006
"1145",1.321118611
"1146",1.157184185
"1147",5.785920926
"1148",1.832208293
"1149",1.388979749
"1150",1.205400193
"1151",1.108968177
"1152",1.729357763
"1153",0.31340405
"1154",1.639344262
"1155",1.087648023
"1156",1.542912247
"1157",1.432015429
"1158",2.169720347
"1159",5.400192864
"1160",0.973963356
"1161",5.785920926
"1162",1.350048216
"1163",6.075216972
"1164",0.964320154
"1165",18.322082932
"1166",1.157184185
"1167",0.964320154
"1168",1.591128255
"1169",1.928640309
"1170",1.446480231
"1171",1.677917068
"1172",1.157184185
"1173",1.010998071
"1174",2.844744455
"1175",1.735776278
"1176",1.150433944
"1177",2.507232401
"1178",2.892960463
"1179",2.097396336
"1180",2.086499518
"1181",0.988428158
"1182",1.446480231
"1183",0.964320154
"1184",2.150289296
"1185",1.122092575
"1186",1.658630665
"1187",1.697203472
"1188",1.591128255
"1189",5.785920926
"1190",1.055930569
"1191",1.446480231
"1192",2.892960463
"1193",1.157184185
"1194",1.120540019
"1195",1.157184185
"1196",1.203375121
"1197",5.593056895
"1198",1.432979749
"1199",1.264320154
"1200",1.399228544
"1201",0.964320154
"1202",1.147703954
"1203",1.23823433
"1204",1.759884282
"1205",1.542912247
"1206",2.121504339
"1207",1.542912247
"1208",1.253616201
"1209",1.928640309
"1210",1.330761813
"1211",0.99903568
"1212",1.928640309
"1213",1.108968177
"1214",2.025072324
"1215",8.678881389
"1216",0.983606557
"1217",2.217936355
"1218",1.301832208
"1219",1.123896818
"1220",1.727579556
"1221",1.37415622
"1222",1.00695757
"1223",8.100289296
"1224",1.00289296
"1225",1.171648987
"1226",0.964320154
"1227",10.270009643
"1228",1.271395371
"1229",2.892960463
"1230",3.345232401
"1231",1.06075217
"1232",2.892960463
"1233",1.121504339
"1234",1.697203472
"1235",1.716489875
"1236",1.1024108
"1237",17.068466731
"1238",2.603664417
"1239",1.253616201
"1240",3.567984571
"1241",1.494696239
"1242",1.639344262
"1243",1.722275796
"1244",2.351012536
"1245",1.68756027
"1246",1.470588235
"1247",2.31436837
"1248",1.253616201
"1249",1.144429122
"1250",1.205400193
"1251",2.602700096
"1252",2.941793635
"1253",2.181292189
"1254",1.446480231
"1255",4.821600771
"1256",3.837994214
"1257",1.350048216
"1258",1.542912247
"1259",1.157184185
"1260",1.928640309
"1261",2.242044359
"1262",1.263259402
"1263",1.012536162
"1264",1.928640309
"1265",0.964320154
"1266",1.137897782
"1267",1.037608486
"1268",1.253616201
"1269",2.18756027
"1270",4.767295082
"1271",1.542912247
"1272",1.06075217
"1273",2.75216972
"1274",3.182256509
"1275",1.446480231
"1276",1.928640309
"1277",1.591128255
"1278",3.085824494
"1279",4.098360656
"1280",1.880424301
"1281",2.410800386
"1282",1.012536162
"1283",1.928640309
"1284",1.06075217
"1285",0.964320154
"1286",1.639344262
"1287",1.128254581
"1288",1.446480231
"1289",1.446480231
"1290",2.892960463
"1291",1.388621022
"1292",1.639344262
"1293",2.022179364
"1294",1.705159113
"1295",1.051108968
"1296",17.743490839
"1297",1.157184185
"1298",3.857280617
"1299",1.705159113
"1300",1.350048216
"1301",5.496624879
"1302",1.023191095
"1303",1.304267161
"1304",1.066790353
"1305",1.80890538
"1306",3.246753247
"1307",1.417439703
"1308",0.974025974
"1309",2.490723562
"1310",1.011131725
"1311",2.971243043
"1312",0.927643785
"1313",3.004638219
"1314",0.94619666
"1315",0.927643785
"1316",1.420222635
"1317",2.233766234
"1318",1.397959184
"1319",2.319109462
"1320",2.852504638
"1321",1.994434137
"1322",1.742115028
"1323",1.646567718
"1324",2.97309833
"1325",1.113172542
"1326",1.484230056
"1327",1.113172542
"1328",1.149350649
"1329",3.184601113
"1330",2.226345083
"1331",3.896103896
"1332",1.437847866
"1333",2.368274583
"1334",1.021335807
"1335",1.020408163
"1336",2.736549165
"1337",23.283858998
"1338",1.391465677
"1339",1.391465677
"1340",2.040816327
"1341",1.020408163
"1342",2.153061224
"1343",0.962894249
"1344",1.066790353
"1345",1.391465677
"1346",1.459183673
"1347",4.990723562
"1348",1.057513915
"1349",4.128014842
"1350",0.983302412
"1351",1.076994434
"1352",1.502782931
"1353",1.021335807
"1354",4.5
"1355",3.107606679
"1356",2.254174397
"1357",1.757884972
"1358",1.398886827
"1359",0.94619666
"1360",1.252319109
"1361",4.498144712
"1362",2.41187384
"1363",2.105751391
"1364",3.188311688
"1365",3.684601113
"1366",1.576994434
"1367",1.651205937
"1368",2.523191095
"1369",1.669758813
"1370",1.90445269
"1371",1.85528757
"1372",1.623376623
"1373",0.943413729
"1374",1.85528757
"1375",2.319109462
"1376",1.437847866
"1377",0.944341373
"1378",3.038033395
"1379",1.256957328
"1380",1.244897959
"1381",3.896103896
"1382",1.113172542
"1383",1.280148423
"1384",6.586270872
"1385",0.927643785
"1386",1.085343228
"1387",1.606679035
"1388",1.298701299
"1389",1.762523191
"1390",1.113172542
"1391",1.250463822
"1392",1.235621521
"1393",1.113172542
"1394",0.932282004
"1395",0.994434137
"1396",4.823747681
"1397",2.425788497
"1398",3.147495362
"1399",1.618738404
"1400",1.521335807
"1401",1.85528757
"1402",7.142857143
"1403",0.927643785
"1404",1.217068646
"1405",1.113172542
"1406",0.974025974
"1407",1.576994434
"1408",1.623376623
"1409",1.762523191
"1410",1.391465677
"1411",1.159554731
"1412",0.974025974
"1413",11.131725417
"1414",1.113172542
"1415",1.85528757
"1416",1.669758813
"1417",12.523191095
"1418",2.040816327
"1419",0.974025974
"1420",5.751391466
"1421",0.927643785
"1422",5.565862709
"1423",5.751391466
"1424",1.113172542
"1425",4.174397032
"1426",8.812615955
"1427",3.780148423
"1428",32.467532468
"1429",0.974025974
"1430",2.087198516
"1431",3.293135436
"1432",3.339517625
"1433",1.390538033
"1434",1.623376623
"1435",4.452690167
"1436",1.05380334
"1437",1.391465677
"1438",0.927643785
"1439",1.391465677
"1440",1.669758813
"1441",1.690166976
"1442",0.957328386
"1443",1.317254174
"1444",0.927643785
"1445",4.406307978
"1446",1.391465677
"1447",2.133580705
"1448",0.942486085
"1449",1.20593692
"1450",1.363636364
"1451",2.397959184
"1452",3.246753247
"1453",1.069573284
"1454",0.956400742
"1455",2.875695733
"1456",1.020408163
"1457",1.113172542
"1458",0.940630798
"1459",0.974025974
"1460",1.816326531
"1461",1.356215213
"1462",1.484230056
"1463",2.782931354
"1464",1.614100186
"1465",0.932282004
"1466",29.037105751
"1467",18.552875696
"1468",2.504638219
"1469",3.06122449
"1470",1.16419295
"1471",1.113172542
"1472",1.363636364
"1473",0.970315399
"1474",1.07606679
"1475",1.512059369
"1476",1.847866419
"1477",16.883116883
"1478",1.391465677
"1479",0.961966605
"1480",1.901669759
"1481",1.448979592
"1482",1.768089054
"1483",1.020408163
"1484",1.579777365
"1485",0.975881262
"1486",0.927643785
"1487",1.20593692
"1488",0.983302412
"1489",0.974025974
"1490",1.516697588
"1491",1.020408163
"1492",0.927643785
"1493",1.85528757
"1494",1.20593692
"1495",1.020408163
"1496",0.935064935
"1497",1.224489796
"1498",1.004638219
"1499",7.792207792
"1500",1.349721707
"1501",0.99257885
"1502",27.829313544
"1503",4.174397032
"1504",5.899814471
"1505",1.006493506
"1506",1.50742115
"1507",1.20593692
"1508",1.113172542
"1509",12.059369202
"1510",2.319109462
"1511",3.339517625
"1512",1.159554731
"1513",2.372912801
"1514",1.096474954
"1515",1.104823748
"1516",1.252319109
"1517",3.650278293
"1518",1.391465677
"1519",1.298701299
"1520",6.307977737
"1521",9.461966605
"1522",2.875695733
"1523",1.683673469
"1524",3.481447124
"1525",7.606679035
"1526",0.927643785
"1527",1.391465677
"1528",0.927643785
"1529",3.896103896
"1530",1.125231911
"1531",11.59554731
"1532",3.076994434
"1533",2.115027829
"1534",1.85528757
"1535",1.756957328
"1536",1.484230056
"1537",3.06122449
"1538",1.576994434
"1539",0.927643785
"1540",0.974025974
"1541",1.734693878
"1542",0.987940631
"1543",1.762523191
"1544",1.289424861
"1545",1.468460111
"1546",5.194805195
"1547",1.948051948
"1548",4.118738404
"1549",4.962894249
"1550",5.102040816
"1551",0.927643785
"1552",1.345083488
"1553",1.075139147
"1554",7.101113173
"1555",2.070500928
"1556",0.927643785
"1557",2.41187384
"1558",1.237476809
"1559",2.040816327
"1560",1.298701299
"1561",2.894248609
"1562",1.066790353
"1563",0.928571429
"1564",1.391465677
"1565",1.530612245
"1566",1.048237477
"1567",1.178107607
"1568",0.974025974
"1569",1.345083488
"1570",2.040816327
"1571",0.927643785
"1572",1.669758813
"1573",1.618456078
"1574",1.027506655
"1575",0.931677019
"1576",16.415261757
"1577",1.508429459
"1578",0.887311446
"1579",0.976042591
"1580",1.685891748
"1581",1.330967169
"1582",2.30700976
"1583",1.92014197
"1584",3.771073647
"1585",0.887311446
"1586",1.15350488
"1587",5.094055013
"1588",0.93877551
"1589",2.956521739
"1590",1.798580302
"1591",1.552795031
"1592",1.330967169
"1593",1.887311446
"1594",1.774622893
"1595",1.330967169
"1596",6.015971606
"1597",3.261756877
"1598",0.940550133
"1599",1.166814552
"1600",2.520851819
"1601",0.940550133
"1602",1.293700089
"1603",18.424134871
"1604",0.687666371
"1605",1.064773736
"1606",1.955634428
"1607",2.040816327
"1608",7.985803017
"1609",3.49689441
"1610",0.971606034
"1611",6.511091393
"1612",1.259982254
"1613",1.853593611
"1614",1.552795031
"1615",0.959183673
"1616",1.267080745
"1617",2.129547471
"1618",2.706299911
"1619",1.552795031
"1620",1.330967169
"1621",1.467613132
"1622",2.30700976
"1623",0.931677019
"1624",1.90771961
"1625",0.968944099
"1626",1.242236025
"1627",0.910381544
"1628",0.896184561
"1629",1.211180124
"1630",1.996450754
"1631",38.154392192
"1632",2.129547471
"1633",2.48447205
"1634",1.690328305
"1635",1.765749778
"1636",1.538598048
"1637",1.685891748
"1638",1.242236025
"1639",0.887311446
"1640",0.887311446
"1641",1.330967169
"1642",1.982253771
"1643",1.863354037
"1644",0.887311446
"1645",1.885536823
"1646",5.210292813
"1647",1.15350488
"1648",1.788819876
"1649",0.967169476
"1650",0.896184561
"1651",5.767524401
"1652",1.330967169
"1653",0.887311446
"1654",6.832298137
"1655",1.36202307
"1656",0.945874002
"1657",0.976042591
"1658",3.549245785
"1659",1.375332742
"1660",2.30700976
"1661",0.931677019
"1662",0.887311446
"1663",2.661934339
"1664",0.931677019
"1665",7.542147294
"1666",5.681455191
"1667",9.228039042
"1668",0.931677019
"1669",1.080745342
"1670",1.612244898
"1671",1.242236025
"1672",1.356699201
"1673",1.508429459
"1674",2.30700976
"1675",1.375332742
"1676",0.92635315
"1677",1.552795031
"1678",0.972493345
"1679",27.338065661
"1680",1.237799468
"1681",0.887311446
"1682",1.192546584
"1683",0.984028394
"1684",1.277728483
"1685",0.887311446
"1686",1.330967169
"1687",7.542147294
"1688",2.223602484
"1689",1.15350488
"1690",0.940550133
"1691",1.787932564
"1692",1.437444543
"1693",6.140195209
"1694",1.616681455
"1695",2.094055013
"1696",11.801242236
"1697",0.940550133
"1698",2.972493345
"1699",1.952085182
"1700",2.488021295
"1701",3.992901508
"1702",2.222715173
"1703",25.28837622
"1704",2.440106477
"1705",3.726708075
"1706",3.752440106
"1707",0.887311446
"1708",1.641526176
"1709",1.242236025
"1710",0.887311446
"1711",0.887311446
"1712",1.242236025
"1713",4.436557232
"1714",0.943212067
"1715",0.904170364
"1716",1.064773736
"1717",1.197870453
"1718",2.395740905
"1719",10.204081633
"1720",0.931677019
"1721",0.976042591
"1722",1.774622893
"1723",2.320319432
"1724",2.30700976
"1725",1.087843833
"1726",1.142857143
"1727",1.15350488
"1728",1.866903283
"1729",2.48447205
"1730",0.915705413
"1731",0.905944987
"1732",2.573203194
"1733",0.887311446
"1734",1.121561668
"1735",5.989352263
"1736",2.50931677
"1737",0.997338066
"1738",1.328305235
"1739",1.045252884
"1740",1.387755102
"1741",0.914818101
"1742",1.15350488
"1743",1.286601597
"1744",1.047027507
"1745",4.614019521
"1746",20.452528838
"1747",2.218278616
"1748",5.323868678
"1749",0.940550133
"1750",1.216503993
"1751",7.098491571
"1752",0.931677019
"1753",1.330967169
"1754",1.774622893
"1755",0.887311446
"1756",3.01242236
"1757",0.964507542
"1758",0.98136646
"1759",47.019520852
"1760",1.100266193
"1761",2.309671695
"1762",1.145519077
"1763",1.376220053
"1764",1.142857143
"1765",2.896184561
"1766",1.774622893
"1767",0.887311446
"1768",1.354037267
"1769",24.578527063
"1770",2.261756877
"1771",4.436557232
"1772",1.348713398
"1773",0.982253771
"1774",15.882874889
"1775",1.020408163
"1776",0.940550133
"1777",1.262644188
"1778",2.661934339
"1779",0.976042591
"1780",1.051464064
"1781",1.952085182
"1782",0.905057675
"1783",1.357586513
"1784",0.953859805
"1785",1.641526176
"1786",7.542147294
"1787",2.218278616
"1788",5.501330967
"1789",2.211180124
"1790",1.477373558
"1791",0.957409051
"1792",1.641526176
"1793",1.020408163
"1794",0.950310559
"1795",3.283052351
"1796",0.91393079
"1797",25.953859805
"1798",1.064773736
"1799",0.914818101
"1800",0.99378882
"1801",4.081632653
"1802",2.28837622
"1803",0.931677019
"1804",0.950310559
"1805",0.94498669
"1806",1.100266193
"1807",2.838509317
"1808",3.194321207
"1809",0.931677019
"1810",1.597160603
"1811",0.891748004
"1812",0.7054126
"1813",1.774622893
"1814",0.984028394
"1815",1.721384206
"1816",0.909494232
"1817",2.333629104
"1818",4.494232476
"1819",8.873114463
"1820",2.676131322
"1821",0.887311446
"1822",1.1472937
"1823",1.330967169
"1824",1.508429459
"1825",1.242236025
"1826",1.109139308
"1827",0.909494232
"1828",6.211180124
"1829",1.73025732
"1830",1.15350488
"1831",0.937000887
"1832",1.055900621
"1833",1.879325643
"1834",1.401952085
"1835",0.754214729
"1836",0.887311446
"1837",0.976042591
"1838",1.419698314
"1839",2.715173026
"1840",4.081632653
"1841",1.752440106
"1842",0.931677019
"1843",1.088731145
"1844",3.549245785
"1845",1.283052351
"1846",2.173913043
"1847",2.839396628
"1848",3.371783496
"1849",1.330967169
"1850",0.443655723
"1851",4.614019521
"1852",10.825199645
"1853",5.767524401
"1854",1.109139308
"1855",31.055900621
"1856",0.891748004
"1857",3.105590062
"1858",1.330967169
"1859",0.984915705
"1860",1.685891748
"1861",3.992901508
"1862",0.99378882
"1863",0.897071872
"1864",1.84081287
"1865",1.282811177
"1866",5.376799323
"1867",0.883996613
"1868",1.361558002
"1869",1.058425064
"1870",1.00338696
"1871",2.963590178
"1872",1.270956816
"1873",1.905165114
"1874",4.233700254
"1875",1.947502117
"1876",2.911092295
"1877",0.889077053
"1878",24.555461473
"1879",1.227773074
"1880",1.219305673
"1881",3.268416596
"1882",4.82641829
"1883",1.6596105
"1884",0.846740051
"1885",1.214225233
"1886",0.870448772
"1887",1.016088061
"1888",1.523285351
"1889",2.684165961
"1890",0.931414056
"1891",1.562235394
"1892",0.939034716
"1893",1.121083827
"1894",0.942421677
"1895",1.014394581
"1896",42.091447925
"1897",1.693480102
"1898",1.640135478
"1899",1.947502117
"1900",4.657070279
"1901",1.058425064
"1902",0.933954276
"1903",1.116003387
"1904",1.524132091
"1905",1.392040644
"1906",1.227773074
"1907",0.846740051
"1908",0.931414056
"1909",14.394580864
"1910",1.130397968
"1911",1.744284505
"1912",1.947502117
"1913",0.901778154
"1914",1.185436071
"1915",0.982218459
"1916",2.565622354
"1917",1.148179509
"1918",0.982218459
"1919",2.176121931
"1920",1.33107536
"1921",20.863674852
"1922",1.894157494
"1923",2.116850127
"1924",1.651143099
"1925",1.058425064
"1926",9.229466554
"1927",0.867908552
"1928",1.143099069
"1929",0.910245555
"1930",5.927180356
"1931",1.198137172
"1932",1.774767146
"1933",1.875529213
"1934",5.66469094
"1935",1.100762066
"1936",0.99237934
"1937",4.149026249
"1938",0.931414056
"1939",1.283657917
"1940",1.058425064
"1941",2.201524132
"1942",1.289585097
"1943",1.354784081
"1944",4.416596105
"1945",0.846740051
"1946",1.270110076
"1947",14.394580864
"1948",2.686706181
"1949",1.693480102
"1950",1.624047417
"1951",3.386960203
"1952",4.064352244
"1953",1.301439458
"1954",1.270110076
"1955",1.553767993
"1956",1.476714649
"1957",1.189669771
"1958",0.990685859
"1959",1.016088061
"1960",10.137171888
"1961",2.66299746
"1962",1.045723963
"1963",0.889077053
"1964",3.810330229
"1965",1.270110076
"1966",1.693480102
"1967",1.481795089
"1968",0.897544454
"1969",1.524132091
"1970",2.963590178
"1971",1.181202371
"1972",1.565622354
"1973",3.048264183
"1974",3.33784928
"1975",1.457239627
"1976",1.016088061
"1977",4.301439458
"1978",0.889077053
"1979",0.381033023
"1980",0.876375953
"1981",0.931414056
"1982",2.032176122
"1983",4.022015241
"1984",1.121930567
"1985",0.988992379
"1986",1.879762913
"1987",0.906011854
"1988",2.201524132
"1989",0.872142252
"1990",1.270110076
"1991",0.880609653
"1992",1.734123624
"1993",0.938187976
"1994",1.16850127
"1995",6.773920406
"1996",1.176968671
"1997",4.50042337
"1998",2.213378493
"1999",1.016088061
"2000",1.862828112
"2001",2.201524132
"2002",0.918712955
"2003",0.862828112
"2004",0.935647756
"2005",1.219305673
"2006",5.715495343
"2007",6.435224386
"2008",5.50381033
"2009",2.540220152
"2010",5.080440305
"2011",5.080440305
"2012",0.846740051
"2013",0.990685859
"2014",0.897544454
"2015",2.032176122
"2016",4.091447925
"2017",0.939034716
"2018",1.901778154
"2019",0.895004234
"2020",4.82641829
"2021",2.132091448
"2022",1.569856054
"2023",0.902624894
"2024",1.253175275
"2025",0.889077053
"2026",0.846740051
"2027",0.880609653
"2028",1.270110076
"2029",3.099068586
"2030",1.910245555
"2031",0.933954276
"2032",1.295512278
"2033",2.540220152
"2034",2.487722269
"2035",2.286198137
"2036",1.405588484
"2037",1.102455546
"2038",1.016088061
"2039",0.931414056
"2040",3.852667231
"2041",12.801862828
"2042",1.608806097
"2043",1.524132091
"2044",1.972904318
"2045",1.270110076
"2046",1.784928027
"2047",16.088060965
"2048",1.439458086
"2049",152.413209145
"2050",1.439458086
"2051",3.130397968
"2052",6.287044877
"2053",2.777307367
"2054",1.033022862
"2055",1.016088061
"2056",14.013547841
"2057",0.846740051
"2058",1.270110076
"2059",0.906011854
"2060",1.215071973
"2061",0.984758679
"2062",8.367485182
"2063",1.058425064
"2064",1.117696867
"2065",3.810330229
"2066",1.100762066
"2067",0.965283658
"2068",1.520745131
"2069",0.869602032
"2070",0.926333616
"2071",1.487722269
"2072",3.386960203
"2073",4.657070279
"2074",0.846740051
"2075",2.277730737
"2076",1.041490262
"2077",1.176968671
"2078",1.524132091
"2079",1.288738357
"2080",1.270110076
"2081",3.773920406
"2082",0.931414056
"2083",1.198137172
"2084",2.352243861
"2085",1.066892464
"2086",1.066892464
"2087",9.398814564
"2088",1.270110076
"2089",0.846740051
"2090",5.770533446
"2091",1.049957663
"2092",1.536833192
"2093",0.846740051
"2094",0.969517358
"2095",1.083827265
"2096",0.931414056
"2097",1.879762913
"2098",1.278577477
"2099",1.354784081
"2100",3.979678239
"2101",5.249788315
"2102",1.565622354
"2103",12.701100762
"2104",0.931414056
"2105",4.572396274
"2106",2.921253175
"2107",1.778154107
"2108",1.524132091
"2109",11.685012701
"2110",2.116850127
"2111",0.990685859
"2112",1.733276884
"2113",2.540220152
"2114",1.176121931
"2115",0.846740051
"2116",6.011854361
"2117",32.387806943
"2118",10.584250635
"2119",1.642675699
"2120",3.386960203
"2121",0.895850974
"2122",1.016088061
"2123",4.868755292
"2124",1.528365792
"2125",1.100762066
"2126",0.846740051
"2127",1.079593565
"2128",0.931414056
"2129",1.693480102
"2130",18.628281118
"2131",1.731583404
"2132",3.810330229
"2133",1.100762066
"2134",1.83742591
"2135",1.016088061
"2136",0.982218459
"2137",4.657070279
"2138",1.314987299
"2139",1.524132091
"2140",2.286198137
"2141",0.846740051
"2142",1.016088061
"2143",1.885690093
"2144",1.311600339
"2145",1.227773074
"2146",1.100762066
"2147",3.386960203
"2148",0.901778154
"2149",1.634208298
"2150",1.013547841
"2151",1.726502964
"2152",3.810330229
"2153",2.456392887
"2154",2.686706181
"2155",0.846740051
"2156",1.00338696
"2157",1.015241321
"2158",0.867908552
"2159",1.862828112
"2160",1.083827265
"2161",2.116850127
"2162",4.149026249
"2163",1.016088061
"2164",0.931414056
"2165",1.016088061
"2166",1.176968671
"2167",0.968646865
"2168",0.944719472
"2169",1.877062706
"2170",0.853960396
"2171",0.915841584
"2172",1.268151815
"2173",1.356435644
"2174",7.425742574
"2175",1.134488449
"2176",1.329207921
"2177",0.99009901
"2178",1.287128713
"2179",1.565181518
"2180",0.845709571
"2181",1.072607261
"2182",2.310231023
"2183",1.094059406
"2184",2.617161716
"2185",1.99009901
"2186",1.987623762
"2187",0.831683168
"2188",0.907590759
"2189",0.602310231
"2190",1.155940594
"2191",0.874587459
"2192",3.378712871
"2193",1.2169967
"2194",1.951320132
"2195",4.125412541
"2196",1.402640264
"2197",1.02640264
"2198",0.846534653
"2199",1.707920792
"2200",1.237623762
"2201",3.300330033
"2202",0.906765677
"2203",0.825082508
"2204",0.924092409
"2205",1.278877888
"2206",2.981023102
"2207",4.075907591
"2208",3.712871287
"2209",0.871287129
"2210",1.237623762
"2211",0.837458746
"2212",1.031353135
"2213",1.454620462
"2214",0.862211221
"2215",0.879537954
"2216",0.965346535
"2217",0.99009901
"2218",1.689768977
"2219",2.367986799
"2220",3.465346535
"2221",1.237623762
"2222",1.064356436
"2223",1.423267327
"2224",1.485148515
"2225",2.475247525
"2226",1.73679868
"2227",0.99009901
"2228",0.825082508
"2229",10.998349835
"2230",1.084983498
"2231",0.994224422
"2232",0.854785479
"2233",1.155115512
"2234",1.258250825
"2235",1.897689769
"2236",1.00660066
"2237",1.108910891
"2238",0.972772277
"2239",1.031353135
"2240",1.320132013
"2241",1.902640264
"2242",8.250825083
"2243",1.094884488
"2244",0.928217822
"2245",0.907590759
"2246",2.887788779
"2247",2.302805281
"2248",0.866336634
"2249",1.735973597
"2250",0.892739274
"2251",3.217821782
"2252",0.95709571
"2253",0.825082508
"2254",1.084983498
"2255",0.891089109
"2256",0.884488449
"2257",0.944719472
"2258",0.891089109
"2259",1.485148515
"2260",2.499174917
"2261",4.867986799
"2262",0.862211221
"2263",1.105610561
"2264",12.376237624
"2265",1.74669967
"2266",0.866336634
"2267",0.940594059
"2268",0.935643564
"2269",3.589108911
"2270",0.911716172
"2271",1.021452145
"2272",3.465346535
"2273",4.537953795
"2274",5.198019802
"2275",2.675742574
"2276",0.891914191
"2277",0.825082508
"2278",1.275577558
"2279",1.650165017
"2280",3.300330033
"2281",1.320132013
"2282",0.99009901
"2283",0.884488449
"2284",0.833333333
"2285",1.485148515
"2286",2.5330033
"2287",3.855610561
"2288",0.841584158
"2289",0.891089109
"2290",1.208745875
"2291",0.837458746
"2292",1.290429043
"2293",2.805280528
"2294",1.265676568
"2295",5.612211221
"2296",1.443894389
"2297",2.103960396
"2298",0.874587459
"2299",0.919966997
"2300",0.878712871
"2301",2.475247525
"2302",0.866336634
"2303",1.815181518
"2304",1.495049505
"2305",2.04290429
"2306",1.070957096
"2307",1.237623762
"2308",0.833333333
"2309",0.965346535
"2310",2.062706271
"2311",1.017326733
"2312",1.650165017
"2313",15.284653465
"2314",2.293729373
"2315",1.072607261
"2316",4.537953795
"2317",0.825082508
"2318",1.237623762
"2319",0.858085809
"2320",0.825082508
"2321",10.184818482
"2322",0.972772277
"2323",1.664191419
"2324",0.899339934
"2325",2.310231023
"2326",6.372937294
"2327",0.870462046
"2328",0.849834983
"2329",1.410891089
"2330",1.114686469
"2331",1.870462046
"2332",0.825082508
"2333",2.062706271
"2334",1.068481848
"2335",1.670792079
"2336",0.866336634
"2337",1.318481848
"2338",0.928217822
"2339",1.115511551
"2340",2.062706271
"2341",1.072607261
"2342",4.290429043
"2343",0.845709571
"2344",2.982673267
"2345",1.021452145
"2346",8.085808581
"2347",3.176567657
"2348",1.654290429
"2349",1.265676568
"2350",1.081683168
"2351",1.084158416
"2352",2.805280528
"2353",2.163366337
"2354",1.278877888
"2355",0.907590759
"2356",1.320957096
"2357",1.339108911
"2358",1.48349835
"2359",1.822607261
"2360",6.20049505
"2361",0.99009901
"2362",13.201320132
"2363",4.314356436
"2364",2.407590759
"2365",1.364686469
"2366",0.866336634
"2367",0.825082508
"2368",1.005775578
"2369",0.866336634
"2370",2.145214521
"2371",1.901815182
"2372",1.461221122
"2373",20.826732673
"2374",5.940594059
"2375",2.722772277
"2376",2.762376238
"2377",0.961221122
"2378",1.027227723
"2379",0.995049505
"2380",1.141914191
"2381",1.646039604
"2382",1.770627063
"2383",0.866336634
"2384",4.125412541
"2385",1.98019802
"2386",1.320132013
"2387",1.00660066
"2388",8.250825083
"2389",0.891089109
"2390",1.113861386
"2391",0.99009901
"2392",1.650165017
"2393",0.915841584
"2394",1.26650165
"2395",1.553630363
"2396",4.084158416
"2397",1.448844884
"2398",0.849834983
"2399",14.851485149
"2400",0.825082508
"2401",0.891914191
"2402",1.596534653
"2403",0.891089109
"2404",3.877887789
"2405",0.860561056
"2406",2.021452145
"2407",1.650165017
"2408",0.825082508
"2409",0.965346535
"2410",0.965346535
"2411",1.010726073
"2412",1.485148515
"2413",0.871287129
"2414",1.278877888
"2415",0.99009901
"2416",1.02310231
"2417",4.702970297
"2418",3.135313531
"2419",1.864686469
"2420",2.037953795
"2421",2.145214521
"2422",1.155115512
"2423",1.056105611
"2424",144.657590759
"2425",0.880363036
"2426",0.919966997
"2427",0.928217822
"2428",28.630363036
"2429",19.265676568
"2430",5.528052805
"2431",1.54290429
"2432",4.620462046
"2433",1.072607261
"2434",3.712871287
"2435",1.014026403
"2436",0.825082508
"2437",0.957920792
"2438",1.113861386
"2439",0.882838284
"2440",0.866336634
"2441",0.919141914
"2442",0.998349835
"2443",2.339933993
"2444",1.938943894
"2445",0.99009901
"2446",1.237623762
"2447",3.052805281
"2448",1.409240924
"2449",2.553630363
"2450",0.825082508
"2451",0.99009901
"2452",5.775577558
"2453",1.134488449
"2454",3.407590759
"2455",1.072607261
"2456",1.167491749
"2457",0.874587459
"2458",0.99009901
"2459",1.072607261
"2460",1.270627063
"2461",0.966171617
"2462",1.472772277
"2463",1.03630363
"2464",1.650165017
"2465",1.678217822
"2466",2.640264026
"2467",1.601485149
"2468",17.739273927
"2469",0.866336634
"2470",4.372937294
"2471",1.361386139
"2472",1.183993399
"2473",0.928217822
"2474",2.97029703
"2475",1.02310231
"2476",0.907590759
"2477",1.130363036
"2478",3.011551155
"2479",1.402640264
"2480",0.907590759
"2481",0.975247525
"2482",0.874587459
"2483",2.322607261
"2484",1.115511551
"2485",1.691419142
"2486",1.237623762
"2487",1.114686469
"2488",0.97359736
"2489",1.402640264
"2490",4.867986799
"2491",1.072607261
"2492",4.125412541
